TRBV_gene	CDR3_beta	TRBJ_gene	ID	cloneCount	epitope	Specificity
TRBV5-5	CASSLGRHNSPLHF	TRBJ1-6	INCOV106-BL	1	Unknown	Unknown
TRBV28	CASSFTDREGFWSNTEAFF	TRBJ1-1	INCOV106-BL	1	Unknown	Unknown
TRBV28	CASSLGLAYGYTF	TRBJ1-2	INCOV106-BL	3	HTTDPSFLGRY	SC2-unique
TRBV29-1	CSVEVGREAEKLFF	TRBJ1-4	INCOV106-BL	1	Unknown	Unknown
TRBV6-6	CASSLYSFNTEAFF	TRBJ1-1	INCOV106-BL	1	Unknown	Unknown
TRBV12-4	CASSSAHYGYTF	TRBJ1-2	INCOV106-BL	4	Unknown	Unknown
TRBV2	CASSGRTSGGYEQYF	TRBJ2-7	INCOV106-BL	1	Unknown	Unknown
TRBV12-4	CASSLGQVHEQYF	TRBJ2-7	INCOV106-BL	1	EILDITPCSF	SC2-unique
TRBV12-4	CASSRGGAVYNEQFF	TRBJ2-1	INCOV106-BL	1	Unknown	Unknown
TRBV3-1	CASSQQGDEQFF	TRBJ2-1	INCOV106-BL	1	VLWAHGFEL	CoV-common
TRBV6-1	CASSGLADTGELFF	TRBJ2-2	INCOV106-BL	1	Unknown	Unknown
TRBV5-1	CASSLGGENTEAFF	TRBJ1-1	INCOV106-BL	1	FPPTSFGPL	CoV-common
TRBV2	CASSGYEQYF	TRBJ2-7	INCOV106-BL	1	Unknown	Unknown
TRBV9	CASSVEGSSYNEQFF	TRBJ2-1	INCOV106-BL	1	Unknown	Unknown
TRBV20-1	CSASKESSYNEQFF	TRBJ2-1	INCOV106-BL	1	Unknown	Unknown
TRBV7-8	CASSLARSNQPQHF	TRBJ1-5	INCOV106-BL	1	Unknown	Unknown
TRBV19	CASSPDRGLYEQYF	TRBJ2-7	INCOV106-BL	1	Unknown	Unknown
TRBV27	CASSSLNTEAFF	TRBJ1-1	INCOV106-BL	1	FLNGSCGSV	CoV-common
TRBV30	CAWSPGTGAYEQYF	TRBJ2-7	INCOV106-BL	1	FLNGSCGSV	CoV-common
TRBV12-4	CASSLGQVDEQYF	TRBJ2-7	INCOV106-BL	1	EILDITPCSF	SC2-unique
TRBV14	CASSQDYGDYEQYF	TRBJ2-7	INCOV106-BL	2	Unknown	Unknown
TRBV6-1	CASSVDPDRVANYGYTF	TRBJ1-2	INCOV106-BL	1	Unknown	Unknown
TRBV9	CASSSTGSYNEQFF	TRBJ2-1	INCOV106-BL	1	VLWAHGFEL	CoV-common
TRBV14	CASSQSPGGIQYF	TRBJ2-4	INCOV106-BL	2	Unknown	Unknown
TRBV9	CASSVGDSNQPQHF	TRBJ1-5	INCOV106-BL	1	HTTDPSFLGRY	SC2-unique
TRBV5-1	CASSLTGGYEQYF	TRBJ2-7	INCOV106-BL	1	EILDITPCSF	SC2-unique
TRBV12-3	CASSLAGASYEQYF	TRBJ2-7	INCOV106-BL	1	TPINLVRDL	CoV-common
TRBV12-3	CASSPNYSNQPQHF	TRBJ1-5	INCOV106-BL	1	HTTDPSFLGRY	SC2-unique
TRBV5-1	CASSRQAGEQETQYF	TRBJ2-5	INCOV106-BL	1	Unknown	Unknown
TRBV29-1	CSVEGGTTYEQYF	TRBJ2-7	INCOV106-BL	1	Unknown	Unknown
TRBV4-2	CASSQANEQFF	TRBJ2-1	INCOV106-BL	1	YLNTLTLAV	CoV-common
TRBV28	CASSLGVGYEQYF	TRBJ2-7	INCOV012-BL	29	EILDITPCSF	SC2-unique
TRBV28	CASALGVGYEQYF	TRBJ2-7	INCOV012-BL	19	EILDITPCSF	SC2-unique
TRBV5-4	CASSPSGSYNEQFF	TRBJ2-1	INCOV012-BL	2	VLWAHGFEL	CoV-common
TRBV6-1	CASSEALAGRSTDTQYF	TRBJ2-3	INCOV012-BL	5	Unknown	Unknown
TRBV19	CASSLTGHYEQYF	TRBJ2-7	INCOV012-BL	2	EILDITPCSF	SC2-unique
TRBV7-6	CASSLGYGSGNTIYF	TRBJ1-3	INCOV012-BL	3	Unknown	Unknown
TRBV20-1	CSARDRASSYNEQFF	TRBJ2-1	INCOV012-BL	2	Unknown	Unknown
TRBV12-3	CASSGGTGMNTEAFF	TRBJ1-1	INCOV012-BL	1	Unknown	Unknown
TRBV11-3	CASSDSYEQYF	TRBJ2-7	INCOV012-BL	4	FLNGSCGSV	CoV-common
TRBV28	CASSPSEEQFF	TRBJ2-1	INCOV012-BL	1	YLNTLTLAV	CoV-common
TRBV7-9	CASSLEGLNQPQHF	TRBJ1-5	INCOV012-BL	1	HTTDPSFLGRY	SC2-unique
TRBV12-4	CASSLTGRTVTDTQYF	TRBJ2-3	INCOV012-BL	3	Unknown	Unknown
TRBV9	CASSVDIMNTEAFF	TRBJ1-1	INCOV012-BL	4	Unknown	Unknown
TRBV5-4	CASSSPWANTEAFF	TRBJ1-1	INCOV012-BL	1	Unknown	Unknown
TRBV7-3	CASRSGTNTGELFF	TRBJ2-2	INCOV012-BL	1	Unknown	Unknown
TRBV7-2	CASSLGRGTQPQHF	TRBJ1-5	INCOV012-BL	1	HTTDPSFLGRY	SC2-unique
TRBV5-4	CASSPTWANTEAFF	TRBJ1-1	INCOV012-BL	1	Unknown	Unknown
TRBV2	CASSDGGIYEQYF	TRBJ2-7	INCOV012-BL	4	Unknown	Unknown
TRBV19	CASSMGLAGQYEQYF	TRBJ2-7	INCOV012-BL	3	Unknown	Unknown
TRBV11-3	CASSLGITEAFF	TRBJ1-1	INCOV012-BL	1	FLNGSCGSV	CoV-common
TRBV7-2	CASSLGQGYYNEQFF	TRBJ2-1	INCOV012-BL	1	Unknown	Unknown
TRBV19	CASSLGTSGYYEQYF	TRBJ2-7	INCOV012-BL	1	Unknown	Unknown
TRBV27	CASSLGAGYNEQFF	TRBJ2-1	INCOV012-BL	1	Unknown	Unknown
TRBV6-5	CASSPLFSYEQYF	TRBJ2-7	INCOV012-BL	1	EILDITPCSF	SC2-unique
TRBV6-2	CASSYSGYEQYF	TRBJ2-7	INCOV012-BL	1	VLWAHGFEL	CoV-common
TRBV9	CASSPGTGNQPQHF	TRBJ1-5	INCOV012-BL	1	HTTDPSFLGRY	SC2-unique
TRBV7-9	CASSLNKNTEAFF	TRBJ1-1	INCOV012-BL	1	HLVDFQVTI	CoV-common
TRBV6-1	CASSEARAGRSTDTQYF	TRBJ2-3	INCOV012-BL	1	Unknown	Unknown
