"","TRBV_gene","CDR3_beta","TRBJ_gene","ID","Disease","cloneCount","epitope","pathology","score","bpr"
"1","TRBV10-1","CASSDGYPYEQYF","TRBJ2-7","Healthy_1193BW","normal",1,"QECVRGTTVL","SARS-CoV-2",0.78,4e-05
"2","TRBV10-1","CASSEAGAGETQYF","TRBJ2-5","INCOV086-AC","COVID-19",1,"FLNRFTTTL","SARS-CoV-2",0.6,4e-05
"3","TRBV10-1","CASSEGNEQYF","TRBJ2-7","Healthy_CL2","normal",1,"FLNRFTTTL","SARS-CoV-2",0.6,4e-05
"4","TRBV10-1","CASSETSGGTDTQYF","TRBJ2-3","INCOV030-AC","COVID-19",1,"FLNGSCGSV","SARS-CoV-2",0.88,8e-05
"5","TRBV10-1","CASSPGEYNEQFF","TRBJ2-1","INCOV083-BL","COVID-19",1,"QECVRGTTVL","SARS-CoV-2",0.83,3e-05
"6","TRBV10-1","CASSPTDLNTEAFF","TRBJ1-1","INCOV068-BL","COVID-19",1,"LPPAYTNSF","SARS-CoV-2",0.74,0
"7","TRBV10-2","CASSAAGLAYEQYF","TRBJ2-7","INCOV102-BL","COVID-19",1,"KPLEFGATSAAL","SARS-CoV-2",0.87,4e-05
"8","TRBV10-2","CASSEGGSYEQYF","TRBJ2-7","INCOV083-BL","COVID-19",1,"SEISMDNSPNL","SARS-CoV-2",0.66,6e-05
"9","TRBV10-2","CASSEGNSYEQYF","TRBJ2-7","INCOV119-AC","COVID-19",1,"SEISMDNSPNL","SARS-CoV-2",0.61,1e-04
"10","TRBV10-2","CASSESYEQYF","TRBJ2-7","Healthy_1193BW","normal",1,"FLNGSCGSV","SARS-CoV-2",0.92,5e-05
"11","TRBV10-2","CASSESYEQYF","TRBJ2-7","Healthy_1193BW","normal",1,"KLSYGIATV","SARS-CoV-2",0.8,9e-05
"12","TRBV10-3","CAISTGYEQYF","TRBJ2-7","INCOV002-BL","COVID-19",1,"FLNGSCGSV","SARS-CoV-2",0.94,5e-05
"13","TRBV11-1","CASQDLNTGELFF","TRBJ2-2","INCOV088-BL","COVID-19",1,"YLQPRTFLL","SARS-CoV-2",1,1e-05
"14","TRBV11-2","CASRTDSSYEQYF","TRBJ2-7","Healthy_1193BW","normal",1,"EILDITPCSF","SARS-CoV-2",0.82,8e-05
"15","TRBV11-2","CASSDRDRAVNTEAFF","TRBJ1-1","Healthy_1193BW","normal",1,"TLDSKTQSL","SARS-CoV-2",0.86,3e-05
"16","TRBV11-2","CASSDRDRAVNTEAFF","TRBJ1-1","INCOV081-AC","COVID-19",1,"TLDSKTQSL","SARS-CoV-2",0.86,3e-05
"17","TRBV11-2","CASSFGTGGYEQYF","TRBJ2-7","INCOV077-BL","COVID-19",1,"FLNGSCGSV","SARS-CoV-2",0.9,6e-05
"18","TRBV11-2","CASSFSGYEQYF","TRBJ2-7","INCOV115-AC","COVID-19",1,"ILHCANFNV","SARS-CoV-2",0.81,2e-05
"19","TRBV11-2","CASSLADSYEQYF","TRBJ2-7","INCOV097-AC","COVID-19",1,"ITEEVGHTDLMAAY","SARS-CoV-2",0.79,1e-05
"20","TRBV11-2","CASSLGDSYEQYF","TRBJ2-7","Healthy_1193BW","normal",1,"ITEEVGHTDLMAAY","SARS-CoV-2",0.65,8e-05
"21","TRBV11-2","CASSLGDSYEQYF","TRBJ2-7","Healthy_1193BW","normal",1,"TLIGDCATV","SARS-CoV-2",0.63,2e-05
"22","TRBV11-2","CASSLGGGNEQFF","TRBJ2-1","INCOV113-AC","COVID-19",1,"YLNTLTLAV","SARS-CoV-2",0.76,9e-05
"23","TRBV11-2","CASSLGGGNEQFF","TRBJ2-1","INCOV113-AC","COVID-19",1,"IVDTVSALV","SARS-CoV-2",0.7,0
"24","TRBV11-2","CASSLGGPTYEQYF","TRBJ2-7","INCOV125-BL","COVID-19",1,"TLVPQEHYV","SARS-CoV-2",0.68,6e-05
"25","TRBV11-2","CASSLGNTEAFF","TRBJ1-1","INCOV076-AC","COVID-19",1,"ITEEVGHTDLMAAY","SARS-CoV-2",0.65,8e-05
"26","TRBV11-2","CASSLGQSYEQYF","TRBJ2-7","INCOV002-BL","COVID-19",1,"TLIGDCATV","SARS-CoV-2",0.63,2e-05
"27","TRBV11-2","CASSLGSGELFF","TRBJ2-2","INCOV075-BL","COVID-19",1,"VLWAHGFEL","SARS-CoV-2",0.87,4e-05
"28","TRBV11-2","CASSLGSGELFF","TRBJ2-2","INCOV075-BL","COVID-19",1,"ILHCANFNV","SARS-CoV-2",0.75,7e-05
"29","TRBV11-2","CASSLGTEAFF","TRBJ1-1","INCOV137-BL","COVID-19",1,"SEPVLKGVKL","SARS-CoV-2",0.74,4e-05
"30","TRBV11-2","CASSLTSGETQYF","TRBJ2-5","INCOV016-AC","COVID-19",1,"LLFNKVTLA","SARS-CoV-2",0.67,9e-05
"31","TRBV11-2","CASSLVASSYNEQFF","TRBJ2-1","INCOV036-BL","COVID-19",1,"ITEEVGHTDLMAAY","SARS-CoV-2",0.68,5e-05
"32","TRBV11-2","CASSLVTGYYEQYF","TRBJ2-7","INCOV004-AC","COVID-19",1,"ITEEVGHTDLMAAY","SARS-CoV-2",0.64,8e-05
"33","TRBV11-2","CASSPGTAYEQYF","TRBJ2-7","INCOV116-BL","COVID-19",1,"SEISMDNSPNL","SARS-CoV-2",0.61,1e-04
"34","TRBV11-2","CASSPTGTYEQYF","TRBJ2-7","INCOV006-AC","COVID-19",1,"EILDITPCSF","SARS-CoV-2",0.81,8e-05
"35","TRBV11-2","CASSQGVNTEAFF","TRBJ1-1","INCOV016-BL","COVID-19",1,"HLVDFQVTI","SARS-CoV-2",0.92,1e-05
"36","TRBV11-2","CASSRWGDEQFF","TRBJ2-1","INCOV025-BL","COVID-19",1,"SEVGPEHSLAEY","SARS-CoV-2",0.7,6e-05
"37","TRBV11-2","CASSSSYEQYF","TRBJ2-7","INCOV010-AC","COVID-19",1,"FLNGSCGSV","SARS-CoV-2",0.87,8e-05
"38","TRBV11-2","CASSYGTYEQYF","TRBJ2-7","INCOV060-BL","COVID-19",1,"ILHCANFNV","SARS-CoV-2",0.71,1e-04
"39","TRBV11-3","CASSDSYEQYF","TRBJ2-7","INCOV012-BL","COVID-19",4,"FLNGSCGSV","SARS-CoV-2",0.9,6e-05
"40","TRBV11-3","CASSDSYEQYF","TRBJ2-7","INCOV012-AC","COVID-19",6,"FLNGSCGSV","SARS-CoV-2",0.9,6e-05
"41","TRBV11-3","CASSFSGGELFF","TRBJ2-2","INCOV025-BL","COVID-19",1,"ILHCANFNV","SARS-CoV-2",0.76,6e-05
"42","TRBV11-3","CASSLGQNTEAFF","TRBJ1-1","Healthy_5046BW","normal",1,"HLVDFQVTI","SARS-CoV-2",0.94,0
"43","TRBV11-3","CASSLGQNTEAFF","TRBJ1-1","Healthy_5046BW","normal",1,"FTISVTTEIL","SARS-CoV-2",0.65,3e-05
"44","TRBV11-3","CASSLGTYEQYF","TRBJ2-7","INCOV001-BL","COVID-19",1,"ILHCANFNV","SARS-CoV-2",0.81,2e-05
"45","TRBV11-3","CASSLQGDTQYF","TRBJ2-3","INCOV059-AC","COVID-19",3,"LLFNKVTLA","SARS-CoV-2",0.74,1e-05
"46","TRBV11-3","CASSLQGDTQYF","TRBJ2-3","INCOV059-BL","COVID-19",2,"LLFNKVTLA","SARS-CoV-2",0.74,1e-05
"47","TRBV11-3","CASSLTSSYEQYF","TRBJ2-7","INCOV035-BL","COVID-19",1,"EILDITPCSF","SARS-CoV-2",0.83,5e-05
"48","TRBV11-3","CASSSPAGTENTGELFF","TRBJ2-2","INCOV131-AC","COVID-19",1,"FVDGVPFVV","SARS-CoV-2",0.8,1e-05
"49","TRBV12-3","CASRDGYNEQFF","TRBJ2-1","INCOV071-BL","COVID-19",1,"TLIGDCATV","SARS-CoV-2",0.59,7e-05
"50","TRBV12-3","CASRMAAYEQYF","TRBJ2-7","INCOV055-BL","COVID-19",1,"TLIGDCATV","SARS-CoV-2",0.58,9e-05
"51","TRBV12-3","CASSAPPDTQYF","TRBJ2-3","INCOV045-AC","COVID-19",1,"TLIGDCATV","SARS-CoV-2",0.62,4e-05
"52","TRBV12-3","CASSEGGYEQYF","TRBJ2-7","Healthy_1193BW","normal",2,"ILHCANFNV","SARS-CoV-2",0.86,0
"53","TRBV12-3","CASSFGGLDEQYF","TRBJ2-7","INCOV041-BL","COVID-19",4,"KAYNVTQAF","SARS-CoV-2",0.68,5e-05
"54","TRBV12-3","CASSFGQGSGNTIYF","TRBJ1-3","INCOV112-BL","COVID-19",1,"KEIDRLNEV","SARS-CoV-2",0.81,5e-05
"55","TRBV12-3","CASSFGVNTEAFF","TRBJ1-1","INCOV006-AC","COVID-19",1,"HLVDFQVTI","SARS-CoV-2",0.89,1e-05
"56","TRBV12-3","CASSFIAGELFF","TRBJ2-2","INCOV030-BL","COVID-19",1,"ILHCANFNV","SARS-CoV-2",0.73,8e-05
"57","TRBV12-3","CASSFLNTEAFF","TRBJ1-1","INCOV116-BL","COVID-19",1,"FLNGSCGSV","SARS-CoV-2",0.85,1e-04
"58","TRBV12-3","CASSFSSYEQYF","TRBJ2-7","INCOV120-AC","COVID-19",1,"ILHCANFNV","SARS-CoV-2",0.74,7e-05
"59","TRBV12-3","CASSFSSYEQYF","TRBJ2-7","INCOV120-AC","COVID-19",1,"FLNGSCGSV","SARS-CoV-2",0.98,1e-05
"60","TRBV12-3","CASSFSSYEQYF","TRBJ2-7","INCOV120-AC","COVID-19",1,"FLPRVFSAV","SARS-CoV-2",0.95,1e-05
"61","TRBV12-3","CASSFSSYEQYF","TRBJ2-7","INCOV120-AC","COVID-19",1,"YFPLQSYGF","SARS-CoV-2",0.7,2e-05
"62","TRBV12-3","CASSFSSYEQYF","TRBJ2-7","INCOV120-AC","COVID-19",1,"TLIGDCATV","SARS-CoV-2",0.65,2e-05
"63","TRBV12-3","CASSFTLSYEQYF","TRBJ2-7","INCOV051-BL","COVID-19",1,"TLIGDCATV","SARS-CoV-2",0.63,2e-05
"64","TRBV12-3","CASSFTYEQYF","TRBJ2-7","INCOV126-BL","COVID-19",1,"FLNGSCGSV","SARS-CoV-2",0.93,5e-05
"65","TRBV12-3","CASSFYPGELFF","TRBJ2-2","INCOV033-AC","COVID-19",1,"YFPLQSYGF","SARS-CoV-2",0.87,0
"66","TRBV12-3","CASSGNTDTQYF","TRBJ2-3","INCOV026-AC","COVID-19",1,"LLFNKVTLA","SARS-CoV-2",0.68,8e-05
"67","TRBV12-3","CASSLESPEQFF","TRBJ2-1","INCOV001-AC","COVID-19",1,"TLIGDCATV","SARS-CoV-2",0.6,6e-05
"68","TRBV12-3","CASSLGGAEAFF","TRBJ1-1","INCOV077-BL","COVID-19",1,"ILHCANFNV","SARS-CoV-2",0.72,9e-05
"69","TRBV12-3","CASSLGGAEAFF","TRBJ1-1","INCOV077-BL","COVID-19",1,"FLNGSCGSV","SARS-CoV-2",0.91,5e-05
"70","TRBV12-3","CASSLGGANTEAFF","TRBJ1-1","INCOV088-AC","COVID-19",1,"KAYNVTQAF","SARS-CoV-2",0.65,1e-04
"71","TRBV12-3","CASSLGGPTEAFF","TRBJ1-1","INCOV072-AC","COVID-19",7,"FLNGSCGSV","SARS-CoV-2",0.91,5e-05
"72","TRBV12-3","CASSLGGPTEAFF","TRBJ1-1","INCOV072-BL","COVID-19",4,"FLNGSCGSV","SARS-CoV-2",0.91,5e-05
"73","TRBV12-3","CASSLGGPYEQYF","TRBJ2-7","INCOV025-BL","COVID-19",1,"KAYNVTQAF","SARS-CoV-2",0.68,5e-05
"74","TRBV12-3","CASSLGGYEQYF","TRBJ2-7","INCOV122-AC","COVID-19",1,"ILHCANFNV","SARS-CoV-2",1,0
"75","TRBV12-3","CASSLGGYEQYF","TRBJ2-7","INCOV122-AC","COVID-19",1,"YLNTLTLAV","SARS-CoV-2",0.78,3e-05
"76","TRBV12-3","CASSLGGYEQYF","TRBJ2-7","INCOV122-AC","COVID-19",1,"FLPRVFSAV","SARS-CoV-2",0.76,7e-05
"77","TRBV12-3","CASSLGGYEQYF","TRBJ2-7","INCOV122-AC","COVID-19",1,"TLIGDCATV","SARS-CoV-2",0.77,0
"78","TRBV12-3","CASSLGGYEQYF","TRBJ2-7","INCOV122-AC","COVID-19",1,"FLNGSCGSV","SARS-CoV-2",0.97,2e-05
"79","TRBV12-3","CASSLGGYEQYF","TRBJ2-7","INCOV122-AC","COVID-19",1,"FVDGVPFVV","SARS-CoV-2",0.77,6e-05
"80","TRBV12-3","CASSLGPTYEQYF","TRBJ2-7","INCOV122-AC","COVID-19",1,"TLIGDCATV","SARS-CoV-2",0.59,7e-05
"81","TRBV12-3","CASSLGQEETQYF","TRBJ2-5","INCOV026-BL","COVID-19",1,"YFPLQSYGF","SARS-CoV-2",0.66,8e-05
"82","TRBV12-3","CASSLGSNEQFF","TRBJ2-1","INCOV112-AC","COVID-19",1,"TLIGDCATV","SARS-CoV-2",0.74,0
"83","TRBV12-3","CASSLGSNEQFF","TRBJ2-1","INCOV112-AC","COVID-19",1,"ILHCANFNV","SARS-CoV-2",0.81,2e-05
"84","TRBV12-3","CASSLGTDTQYF","TRBJ2-3","INCOV113-AC","COVID-19",1,"TLIGDCATV","SARS-CoV-2",0.64,2e-05
"85","TRBV12-3","CASSLGYNEQFF","TRBJ2-1","INCOV062-AC","COVID-19",1,"ILHCANFNV","SARS-CoV-2",0.83,1e-05
"86","TRBV12-3","CASSLGYNEQFF","TRBJ2-1","INCOV062-AC","COVID-19",1,"TLIGDCATV","SARS-CoV-2",0.62,4e-05
"87","TRBV12-3","CASSLPGSYEQYF","TRBJ2-7","INCOV045-AC","COVID-19",1,"SEISMDNSPNL","SARS-CoV-2",0.63,7e-05
"88","TRBV12-3","CASSLPGSYEQYF","TRBJ2-7","INCOV045-AC","COVID-19",1,"TLIGDCATV","SARS-CoV-2",0.58,9e-05
"89","TRBV12-3","CASSLQGRTEAFF","TRBJ1-1","INCOV076-AC","COVID-19",1,"KAYNVTQAF","SARS-CoV-2",0.69,5e-05
"90","TRBV12-3","CASSLQRSYEQYF","TRBJ2-7","Healthy_1053BW","normal",1,"TLIGDCATV","SARS-CoV-2",0.59,7e-05
"91","TRBV12-3","CASSLSSHEQYF","TRBJ2-7","INCOV060-AC","COVID-19",1,"TLIGDCATV","SARS-CoV-2",0.65,2e-05
"92","TRBV12-3","CASSLTSLGEQYF","TRBJ2-7","INCOV141-AC","COVID-19",1,"TLIGDCATV","SARS-CoV-2",0.64,2e-05
"93","TRBV12-3","CASSLVNTEAFF","TRBJ1-1","INCOV081-BL","COVID-19",1,"YFPLQSYGF","SARS-CoV-2",0.66,8e-05
"94","TRBV12-3","CASSLVNTEAFF","TRBJ1-1","INCOV081-BL","COVID-19",1,"FLNGSCGSV","SARS-CoV-2",0.87,8e-05
"95","TRBV12-3","CASSPDGETQYF","TRBJ2-5","INCOV025-AC","COVID-19",1,"TLIGDCATV","SARS-CoV-2",0.65,2e-05
"96","TRBV12-3","CASSPDGETQYF","TRBJ2-5","INCOV025-BL","COVID-19",3,"TLIGDCATV","SARS-CoV-2",0.65,2e-05
"97","TRBV12-3","CASSPGGNTQYF","TRBJ2-3","INCOV125-AC","COVID-19",1,"ILHCANFNV","SARS-CoV-2",0.73,8e-05
"98","TRBV12-3","CASSPGLNEQFF","TRBJ2-1","INCOV016-BL","COVID-19",1,"ILHCANFNV","SARS-CoV-2",0.71,1e-04
"99","TRBV12-3","CASSPRGYEQYF","TRBJ2-7","INCOV002-BL","COVID-19",1,"TLIGDCATV","SARS-CoV-2",0.67,1e-05
"100","TRBV12-3","CASSPRTSYEQYF","TRBJ2-7","INCOV088-BL","COVID-19",1,"EILDITPCSF","SARS-CoV-2",0.95,0
"101","TRBV12-3","CASSSGNTEAFF","TRBJ1-1","INCOV014-BL","COVID-19",1,"FLNGSCGSV","SARS-CoV-2",0.87,8e-05
"102","TRBV12-3","CASSSTSSYEQYF","TRBJ2-7","Healthy_Mix_donor1","normal",1,"EILDITPCSF","SARS-CoV-2",0.86,2e-05
"103","TRBV12-3","CASSYGVYEQYF","TRBJ2-7","INCOV063-AC","COVID-19",1,"TLIGDCATV","SARS-CoV-2",0.63,2e-05
"104","TRBV12-3","CASSYGVYEQYF","TRBJ2-7","INCOV063-AC","COVID-19",1,"ILHCANFNV","SARS-CoV-2",0.78,4e-05
"105","TRBV12-3","CASTLSYNEQFF","TRBJ2-1","INCOV079-BL","COVID-19",1,"TLIGDCATV","SARS-CoV-2",0.58,9e-05
"106","TRBV12-4","CASGQGWEQYF","TRBJ2-7","Healthy_6130BW","normal",2,"ALSKGVHFV","SARS-CoV-2",0.72,4e-05
"107","TRBV12-4","CASLRANTGELFF","TRBJ2-2","INCOV125-AC","COVID-19",1,"YLQPRTFLL","SARS-CoV-2",0.98,9e-05
"108","TRBV12-4","CASSDLNTGELFF","TRBJ2-2","INCOV083-AC","COVID-19",2,"YLQPRTFLL","SARS-CoV-2",1,1e-05
"109","TRBV12-4","CASSFGGIEQFF","TRBJ2-1","Healthy_7541BW","normal",1,"ILHCANFNV","SARS-CoV-2",0.73,8e-05
"110","TRBV12-4","CASSFGGYEQYF","TRBJ2-7","INCOV042-AC","COVID-19",1,"YLNTLTLAV","SARS-CoV-2",0.76,9e-05
"111","TRBV12-4","CASSFGGYEQYF","TRBJ2-7","INCOV042-AC","COVID-19",1,"TLIGDCATV","SARS-CoV-2",0.6,6e-05
"112","TRBV12-4","CASSFGGYEQYF","TRBJ2-7","INCOV042-AC","COVID-19",1,"FLNGSCGSV","SARS-CoV-2",0.93,5e-05
"113","TRBV12-4","CASSFGGYEQYF","TRBJ2-7","INCOV042-AC","COVID-19",1,"ILHCANFNV","SARS-CoV-2",0.94,0
"114","TRBV12-4","CASSFGSNEQFF","TRBJ2-1","INCOV129-AC","COVID-19",1,"TLIGDCATV","SARS-CoV-2",0.61,4e-05
"115","TRBV12-4","CASSFGTSYEQYF","TRBJ2-7","INCOV033-AC","COVID-19",1,"SEISMDNSPNL","SARS-CoV-2",0.61,1e-04
"116","TRBV12-4","CASSGDTTYEQYF","TRBJ2-7","Healthy_BP05191345","normal",1,"EILDITPCSF","SARS-CoV-2",0.8,9e-05
"117","TRBV12-4","CASSLAGGEQFF","TRBJ2-1","INCOV024-BL","COVID-19",1,"ILHCANFNV","SARS-CoV-2",0.75,7e-05
"118","TRBV12-4","CASSLGGEETQYF","TRBJ2-5","INCOV031-AC","COVID-19",1,"YFPLQSYGF","SARS-CoV-2",0.78,0
"119","TRBV12-4","CASSLGGVNEQFF","TRBJ2-1","INCOV004-BL","COVID-19",1,"IVDTVSALV","SARS-CoV-2",0.76,0
"120","TRBV12-4","CASSLGSSYEQYF","TRBJ2-7","INCOV051-BL","COVID-19",1,"TLIGDCATV","SARS-CoV-2",0.72,0
"121","TRBV12-4","CASSLGYEQYF","TRBJ2-7","INCOV035-BL","COVID-19",1,"FLNGSCGSV","SARS-CoV-2",0.93,5e-05
"122","TRBV12-4","CASSLGYEQYF","TRBJ2-7","INCOV035-BL","COVID-19",1,"KAYNVTQAF","SARS-CoV-2",0.71,4e-05
"123","TRBV12-4","CASSPSTTYEQYF","TRBJ2-7","Healthy_CL2","normal",1,"EILDITPCSF","SARS-CoV-2",0.84,3e-05
"124","TRBV12-4","CASSSGYEQYF","TRBJ2-7","INCOV002-BL","COVID-19",1,"FLNGSCGSV","SARS-CoV-2",0.94,5e-05
"125","TRBV12-4","CASSTSYEQYF","TRBJ2-7","INCOV141-AC","COVID-19",1,"FLNGSCGSV","SARS-CoV-2",0.97,2e-05
"126","TRBV12-4","CASSWGGYEQFF","TRBJ2-1","INCOV004-AC","COVID-19",1,"ILHCANFNV","SARS-CoV-2",0.78,4e-05
"127","TRBV12-5","CASGLGLAGEETQYF","TRBJ2-5","INCOV057-AC","COVID-19",1,"KLWAQCVQL","SARS-CoV-2",0.93,0
"128","TRBV13","CASSAGVGTYEQYF","TRBJ2-7","INCOV022-AC","COVID-19",1,"NLNESLIDL","SARS-CoV-2",0.73,1e-04
"129","TRBV13","CASSEGTDQETQYF","TRBJ2-5","INCOV066-BL","COVID-19",1,"FLNRFTTTL","SARS-CoV-2",0.66,1e-05
"130","TRBV13","CASSFEGSYEQYF","TRBJ2-7","INCOV023-AC","COVID-19",1,"FLPRVFSAV","SARS-CoV-2",0.83,2e-05
"131","TRBV13","CASSFGQTYEQYF","TRBJ2-7","INCOV057-AC","COVID-19",1,"FLPRVFSAV","SARS-CoV-2",0.81,4e-05
"132","TRBV13","CASSFTTDTQYF","TRBJ2-3","INCOV036-BL","COVID-19",1,"FLPRVFSAV","SARS-CoV-2",0.8,4e-05
"133","TRBV13","CASSLAGIGPLHF","TRBJ1-6","INCOV082-AC","COVID-19",1,"IVDTVSALV","SARS-CoV-2",0.67,4e-05
"134","TRBV13","CASSLAGTYEQYF","TRBJ2-7","INCOV126-BL","COVID-19",1,"FLPRVFSAV","SARS-CoV-2",0.79,5e-05
"135","TRBV13","CASSLASDTQYF","TRBJ2-3","INCOV122-AC","COVID-19",1,"FLPRVFSAV","SARS-CoV-2",0.81,4e-05
"136","TRBV13","CASSLEGSYEQYF","TRBJ2-7","INCOV009-BL","COVID-19",1,"FLPRVFSAV","SARS-CoV-2",0.77,7e-05
"137","TRBV13","CASSLGDYNEQFF","TRBJ2-1","INCOV049-AC","COVID-19",1,"IVDTVSALV","SARS-CoV-2",0.68,3e-05
"138","TRBV13","CASSLGGGETQYF","TRBJ2-5","INCOV088-AC","COVID-19",1,"YLNTLTLAV","SARS-CoV-2",0.87,1e-05
"139","TRBV13","CASSLGGNEKLFF","TRBJ1-4","INCOV001-BL","COVID-19",1,"VLWAHGFEL","SARS-CoV-2",0.78,9e-05
"140","TRBV13","CASSLGSGNEQFF","TRBJ2-1","INCOV019-BL","COVID-19",1,"YLNTLTLAV","SARS-CoV-2",0.84,1e-05
"141","TRBV13","CASSLMGDTQYF","TRBJ2-3","INCOV077-BL","COVID-19",1,"FLPRVFSAV","SARS-CoV-2",0.84,1e-05
"142","TRBV13","CASSLVLDTQYF","TRBJ2-3","INCOV011-BL","COVID-19",1,"FLPRVFSAV","SARS-CoV-2",0.76,7e-05
"143","TRBV13","CASSPGADTQYF","TRBJ2-3","INCOV123-AC","COVID-19",1,"FLPRVFSAV","SARS-CoV-2",0.77,7e-05
"144","TRBV13","CASSQTDYEQYF","TRBJ2-7","Healthy_2773BW","normal",1,"FLPRVFSAV","SARS-CoV-2",0.78,6e-05
"145","TRBV13","CASSQTDYEQYF","TRBJ2-7","Healthy_2773BW","normal",1,"SEPVLKGVKL","SARS-CoV-2",0.69,8e-05
"146","TRBV13","CASSSRDRGFSDTQYF","TRBJ2-3","INCOV045-BL","COVID-19",1,"KLPDDFTGCV","SARS-CoV-2",0.74,1e-04
"147","TRBV14","CASRGDTTYEQYF","TRBJ2-7","INCOV117-AC","COVID-19",1,"EILDITPCSF","SARS-CoV-2",0.82,8e-05
"148","TRBV14","CASSDRSYEQYF","TRBJ2-7","INCOV144-AC","COVID-19",1,"SEISMDNSPNL","SARS-CoV-2",0.69,3e-05
"149","TRBV14","CASSPGTGAYEQYF","TRBJ2-7","INCOV077-BL","COVID-19",1,"NLNESLIDL","SARS-CoV-2",0.82,1e-05
"150","TRBV14","CASSQAYEQYF","TRBJ2-7","INCOV141-AC","COVID-19",1,"FLNGSCGSV","SARS-CoV-2",0.88,8e-05
"151","TRBV14","CASSQFLTSTDTQYF","TRBJ2-3","INCOV059-AC","COVID-19",1,"YFPLQSYGF","SARS-CoV-2",0.65,9e-05
"152","TRBV14","CASSQGYEQYF","TRBJ2-7","INCOV006-AC","COVID-19",1,"RQLLFVVEV","SARS-CoV-2",0.83,3e-05
"153","TRBV14","CASSQGYEQYF","TRBJ2-7","INCOV006-AC","COVID-19",1,"FLNGSCGSV","SARS-CoV-2",0.96,3e-05
"154","TRBV15","CATSLSYNEQFF","TRBJ2-1","INCOV001-BL","COVID-19",1,"FLPRVFSAV","SARS-CoV-2",0.77,7e-05
"155","TRBV15","CATSRDRGAYNEQFF","TRBJ2-1","Healthy_1193BW","normal",1,"KAYNVTQAF","SARS-CoV-2",0.78,3e-05
"156","TRBV15","CATSRDRGSGNTIYF","TRBJ1-3","INCOV116-AC","COVID-19",1,"KAYNVTQAF","SARS-CoV-2",0.81,1e-05
"157","TRBV18","CASSETGGADTEAFF","TRBJ1-1","INCOV115-AC","COVID-19",1,"FLNRFTTTL","SARS-CoV-2",0.59,1e-04
"158","TRBV18","CASSIAGDEQFF","TRBJ2-1","INCOV057-AC","COVID-19",1,"LLFNKVTLA","SARS-CoV-2",0.67,9e-05
"159","TRBV18","CASSPDSSYEQYF","TRBJ2-7","INCOV102-BL","COVID-19",1,"EILDITPCSF","SARS-CoV-2",0.82,8e-05
"160","TRBV18","CASSWGSNQPQHF","TRBJ1-5","INCOV024-BL","COVID-19",1,"HLVDFQVTI","SARS-CoV-2",0.81,2e-05
"161","TRBV19","CASRDGTYEQYF","TRBJ2-7","INCOV126-BL","COVID-19",1,"SEISMDNSPNL","SARS-CoV-2",0.66,6e-05
"162","TRBV19","CASREGQSYEQYF","TRBJ2-7","INCOV141-AC","COVID-19",2,"SEISMDNSPNL","SARS-CoV-2",0.64,7e-05
"163","TRBV19","CASSAGLNTEAFF","TRBJ1-1","INCOV015-AC","COVID-19",1,"HLVDFQVTI","SARS-CoV-2",0.82,2e-05
"164","TRBV19","CASSAHDRVVSYNEQFF","TRBJ2-1","INCOV104-BL","COVID-19",1,"TLDSKTQSL","SARS-CoV-2",0.84,4e-05
"165","TRBV19","CASSHNRDSSYEQYF","TRBJ2-7","Healthy_1193BW","normal",1,"QECVRGTTVL","SARS-CoV-2",0.73,1e-04
"166","TRBV19","CASSIAGNTEAFF","TRBJ1-1","Healthy_1193BW","normal",1,"QECVRGTTVL","SARS-CoV-2",0.73,1e-04
"167","TRBV19","CASSIGLAGVDEQYF","TRBJ2-7","INCOV003-BL","COVID-19",1,"MPASWVMRI","SARS-CoV-2",0.89,4e-05
"168","TRBV19","CASSIGLNTEAFF","TRBJ1-1","INCOV036-BL","COVID-19",1,"HLVDFQVTI","SARS-CoV-2",0.85,1e-05
"169","TRBV19","CASSIGMNTEAFF","TRBJ1-1","INCOV126-BL","COVID-19",1,"HLVDFQVTI","SARS-CoV-2",0.84,1e-05
"170","TRBV19","CASSIGSNQPQHF","TRBJ1-5","INCOV016-BL","COVID-19",1,"HLVDFQVTI","SARS-CoV-2",0.8,3e-05
"171","TRBV19","CASSLGAYEQFF","TRBJ2-1","INCOV066-BL","COVID-19",1,"ILHCANFNV","SARS-CoV-2",0.71,1e-04
"172","TRBV19","CASSLGAYNEQFF","TRBJ2-1","INCOV059-AC","COVID-19",1,"IVDTVSALV","SARS-CoV-2",0.73,0
"173","TRBV19","CASSLGGVNEQFF","TRBJ2-1","Healthy_6130BW","normal",1,"IVDTVSALV","SARS-CoV-2",0.8,0
"174","TRBV19","CASSLGRNTEAFF","TRBJ1-1","INCOV082-BL","COVID-19",1,"HLVDFQVTI","SARS-CoV-2",0.83,1e-05
"175","TRBV19","CASSLGRSYEQYF","TRBJ2-7","INCOV028-BL","COVID-19",1,"TLIGDCATV","SARS-CoV-2",0.67,1e-05
"176","TRBV19","CASSLGTEAFF","TRBJ1-1","INCOV141-AC","COVID-19",1,"SEPVLKGVKL","SARS-CoV-2",0.75,2e-05
"177","TRBV19","CASSMGGYEQYF","TRBJ2-7","INCOV002-AC","COVID-19",1,"ILHCANFNV","SARS-CoV-2",0.82,2e-05
"178","TRBV19","CASSPGGYEQYF","TRBJ2-7","INCOV110-BL","COVID-19",1,"ILHCANFNV","SARS-CoV-2",0.87,0
"179","TRBV19","CASSPPGNEQFF","TRBJ2-1","INCOV126-BL","COVID-19",1,"FVDGVPFVV","SARS-CoV-2",0.82,1e-05
"180","TRBV19","CASSVGTGGEQYF","TRBJ2-7","INCOV031-AC","COVID-19",1,"YLNTLTLAV","SARS-CoV-2",0.79,3e-05
"181","TRBV19","CASSWGGNTEAFF","TRBJ1-1","INCOV051-AC","COVID-19",1,"HLVDFQVTI","SARS-CoV-2",0.8,3e-05
"182","TRBV19","CASSWGGNTEAFF","TRBJ1-1","INCOV051-BL","COVID-19",1,"HLVDFQVTI","SARS-CoV-2",0.8,3e-05
"183","TRBV19","CASSYAVAGGNNEQFF","TRBJ2-1","INCOV088-AC","COVID-19",1,"NQKLIANQF","SARS-CoV-2",0.64,9e-05
"184","TRBV2","CASGELNTGELFF","TRBJ2-2","INCOV028-BL","COVID-19",1,"YLQPRTFLL","SARS-CoV-2",1,1e-05
"185","TRBV2","CASRTSGGPYEQYF","TRBJ2-7","INCOV081-BL","COVID-19",1,"TLIGDCATV","SARS-CoV-2",0.62,4e-05
"186","TRBV2","CASSEGDSLNTEAFF","TRBJ1-1","Healthy_5046BW","normal",1,"LPPAYTNSF","SARS-CoV-2",0.63,6e-05
"187","TRBV2","CASSGTSGYEQYF","TRBJ2-7","INCOV025-AC","COVID-19",1,"NLNESLIDL","SARS-CoV-2",0.76,5e-05
"188","TRBV2","CASSLAGNEQFF","TRBJ2-1","INCOV045-BL","COVID-19",1,"FVDGVPFVV","SARS-CoV-2",0.74,1e-04
"189","TRBV2","CASSLGGAYEQYF","TRBJ2-7","Healthy_1193BW","normal",1,"IVDTVSALV","SARS-CoV-2",0.64,8e-05
"190","TRBV2","CASSLGTASTDTQYF","TRBJ2-3","INCOV024-AC","COVID-19",1,"FADDLNQLTGY","SARS-CoV-2",0.66,2e-05
"191","TRBV2","CASSQGVNTEAFF","TRBJ1-1","INCOV016-BL","COVID-19",1,"HLVDFQVTI","SARS-CoV-2",0.92,1e-05
"192","TRBV20-1","CSARDEAAMNTGELFF","TRBJ2-2","INCOV005-AC","COVID-19",1,"YLQPRTFLL","SARS-CoV-2",0.99,7e-05
"193","TRBV24-1","CATSDLEGAGYTF","TRBJ1-2","INCOV100-BL","COVID-19",1,"SEPVLKGVKL","SARS-CoV-2",0.69,8e-05
"194","TRBV24-1","CATSDLEGAGYTF","TRBJ1-2","INCOV102-BL","COVID-19",2,"SEPVLKGVKL","SARS-CoV-2",0.69,8e-05
"195","TRBV24-1","CATSDLEGAGYTF","TRBJ1-2","INCOV079-BL","COVID-19",1,"SEPVLKGVKL","SARS-CoV-2",0.69,8e-05
"196","TRBV24-1","CATSDLEHETQYF","TRBJ2-5","INCOV039-AC","COVID-19",2,"SEPVLKGVKL","SARS-CoV-2",0.7,8e-05
"197","TRBV24-1","CATSDLEHETQYF","TRBJ2-5","INCOV045-BL","COVID-19",1,"SEPVLKGVKL","SARS-CoV-2",0.7,8e-05
"198","TRBV24-1","CATSDVDRGGYNEQFF","TRBJ2-1","INCOV070-AC","COVID-19",1,"KLPDDFTGCV","SARS-CoV-2",0.84,4e-05
"199","TRBV24-1","CATSDVDRGGYNEQFF","TRBJ2-1","INCOV069-BL","COVID-19",1,"KLPDDFTGCV","SARS-CoV-2",0.84,4e-05
"200","TRBV24-1","CATSETNTGELFF","TRBJ2-2","INCOV047-AC","COVID-19",1,"YLQPRTFLL","SARS-CoV-2",1,1e-05
"201","TRBV25-1","CASGDSNTGELFF","TRBJ2-2","INCOV030-AC","COVID-19",1,"YLQPRTFLL","SARS-CoV-2",0.98,9e-05
"202","TRBV25-1","CASSEGDTQYF","TRBJ2-3","INCOV034-BL","COVID-19",1,"FLNRFTTTL","SARS-CoV-2",0.64,2e-05
"203","TRBV25-1","CASSELDSNTEAFF","TRBJ1-1","INCOV120-BL","COVID-19",1,"LPPAYTNSF","SARS-CoV-2",0.64,4e-05
"204","TRBV25-1","CASSLVGNQPQHF","TRBJ1-5","INCOV025-AC","COVID-19",1,"FLPRVFSAV","SARS-CoV-2",0.75,1e-04
"205","TRBV25-1","CASSPGDEQFF","TRBJ2-1","INCOV026-BL","COVID-19",3,"RQLLFVVEV","SARS-CoV-2",0.78,4e-05
"206","TRBV25-1","CASSPGDEQFF","TRBJ2-1","INCOV016-BL","COVID-19",1,"RQLLFVVEV","SARS-CoV-2",0.78,4e-05
"207","TRBV25-1","CASSPGDEQFF","TRBJ2-1","INCOV082-BL","COVID-19",5,"RQLLFVVEV","SARS-CoV-2",0.78,4e-05
"208","TRBV25-1","CASSPGDEQFF","TRBJ2-1","INCOV058-BL","COVID-19",2,"RQLLFVVEV","SARS-CoV-2",0.78,4e-05
"209","TRBV25-1","CASSPGDEQFF","TRBJ2-1","INCOV058-AC","COVID-19",1,"RQLLFVVEV","SARS-CoV-2",0.78,4e-05
"210","TRBV27","CASADRGPNQPQHF","TRBJ1-5","INCOV141-AC","COVID-19",1,"HTTDPSFLGRY","SARS-CoV-2",0.99,4e-05
"211","TRBV27","CASGDRATNEKLFF","TRBJ1-4","INCOV039-AC","COVID-19",4,"HTTDPSFLGRY","SARS-CoV-2",0.99,4e-05
"212","TRBV27","CASGDRGPLDTQYF","TRBJ2-3","INCOV002-AC","COVID-19",1,"HTTDPSFLGRY","SARS-CoV-2",1,1e-05
"213","TRBV27","CASRGDSSYEQYF","TRBJ2-7","Healthy_1193BW","normal",1,"EILDITPCSF","SARS-CoV-2",0.87,0
"214","TRBV27","CASRGPSYEQYF","TRBJ2-7","INCOV109-BL","COVID-19",1,"SEISMDNSPNL","SARS-CoV-2",0.63,7e-05
"215","TRBV27","CASRTGSYEQYF","TRBJ2-7","INCOV016-BL","COVID-19",1,"SEISMDNSPNL","SARS-CoV-2",0.7,2e-05
"216","TRBV27","CASSARDYLDEQFF","TRBJ2-1","INCOV002-AC","COVID-19",1,"HTTDPSFLGRY","SARS-CoV-2",0.97,9e-05
"217","TRBV27","CASSDRAGTDTQYF","TRBJ2-3","INCOV002-AC","COVID-19",1,"HTTDPSFLGRY","SARS-CoV-2",1,1e-05
"218","TRBV27","CASSDRGGADTQYF","TRBJ2-3","INCOV039-AC","COVID-19",1,"HTTDPSFLGRY","SARS-CoV-2",1,1e-05
"219","TRBV27","CASSDRGGPDTQYF","TRBJ2-3","INCOV090-AC","COVID-19",1,"HTTDPSFLGRY","SARS-CoV-2",1,1e-05
"220","TRBV27","CASSDRGGPDTQYF","TRBJ2-3","INCOV075-BL","COVID-19",1,"HTTDPSFLGRY","SARS-CoV-2",1,1e-05
"221","TRBV27","CASSDRGPGDTQYF","TRBJ2-3","INCOV039-AC","COVID-19",1,"HTTDPSFLGRY","SARS-CoV-2",1,1e-05
"222","TRBV27","CASSDRGPTDTQYF","TRBJ2-3","INCOV053-AC","COVID-19",3,"HTTDPSFLGRY","SARS-CoV-2",1,1e-05
"223","TRBV27","CASSDRGPTDTQYF","TRBJ2-3","INCOV093-AC","COVID-19",2,"HTTDPSFLGRY","SARS-CoV-2",1,1e-05
"224","TRBV27","CASSDRGPVDEQFF","TRBJ2-1","INCOV039-AC","COVID-19",1,"HTTDPSFLGRY","SARS-CoV-2",1,1e-05
"225","TRBV27","CASSDRGVADTQYF","TRBJ2-3","INCOV039-AC","COVID-19",5,"HTTDPSFLGRY","SARS-CoV-2",1,1e-05
"226","TRBV27","CASSDRSSYEQYF","TRBJ2-7","INCOV126-BL","COVID-19",1,"EILDITPCSF","SARS-CoV-2",0.84,3e-05
"227","TRBV27","CASSDSYEQYF","TRBJ2-7","INCOV066-AC","COVID-19",2,"FLNGSCGSV","SARS-CoV-2",0.87,8e-05
"228","TRBV27","CASSFAEGFYEQYF","TRBJ2-7","Healthy_1193BW","normal",1,"FPPTSFGPL","SARS-CoV-2",0.93,4e-05
"229","TRBV27","CASSFDRQTNYGYTF","TRBJ1-2","INCOV002-BL","COVID-19",1,"FTISVTTEIL","SARS-CoV-2",0.62,4e-05
"230","TRBV27","CASSFQGTSYSYEQYF","TRBJ2-7","INCOV002-BL","COVID-19",1,"SEVGPEHSLAEY","SARS-CoV-2",0.68,7e-05
"231","TRBV27","CASSFRDGTDTQYF","TRBJ2-3","INCOV066-BL","COVID-19",2,"HTTDPSFLGRY","SARS-CoV-2",1,1e-05
"232","TRBV27","CASSFRDGTDTQYF","TRBJ2-3","INCOV045-BL","COVID-19",1,"HTTDPSFLGRY","SARS-CoV-2",1,1e-05
"233","TRBV27","CASSFRDGTDTQYF","TRBJ2-3","INCOV039-AC","COVID-19",9,"HTTDPSFLGRY","SARS-CoV-2",1,1e-05
"234","TRBV27","CASSFRGPLDEQYF","TRBJ2-7","INCOV066-BL","COVID-19",1,"HTTDPSFLGRY","SARS-CoV-2",0.99,4e-05
"235","TRBV27","CASSFRSGNDEQFF","TRBJ2-1","INCOV002-AC","COVID-19",4,"HTTDPSFLGRY","SARS-CoV-2",0.97,9e-05
"236","TRBV27","CASSFRSGSDEQFF","TRBJ2-1","INCOV002-AC","COVID-19",1,"HTTDPSFLGRY","SARS-CoV-2",0.99,4e-05
"237","TRBV27","CASSFSGSYEQYF","TRBJ2-7","Healthy_Mix_donor1","normal",1,"FLPRVFSAV","SARS-CoV-2",0.78,6e-05
"238","TRBV27","CASSFTGYNEQFF","TRBJ2-1","INCOV082-BL","COVID-19",1,"ILGLPTQTV","SARS-CoV-2",0.77,3e-05
"239","TRBV27","CASSHRAGNEKLFF","TRBJ1-4","INCOV066-AC","COVID-19",1,"HTTDPSFLGRY","SARS-CoV-2",0.97,9e-05
"240","TRBV27","CASSLAGGSYEQYF","TRBJ2-7","INCOV006-BL","COVID-19",1,"FPPTSFGPL","SARS-CoV-2",0.96,2e-05
"241","TRBV27","CASSLAGGSYEQYF","TRBJ2-7","INCOV006-BL","COVID-19",1,"FTISVTTEIL","SARS-CoV-2",0.59,7e-05
"242","TRBV27","CASSLAGMNTEAFF","TRBJ1-1","INCOV060-AC","COVID-19",1,"FPPTSFGPL","SARS-CoV-2",0.96,2e-05
"243","TRBV27","CASSLAGQYNEQFF","TRBJ2-1","INCOV010-BL","COVID-19",1,"ALSKGVHFV","SARS-CoV-2",0.72,4e-05
"244","TRBV27","CASSLAGYSYNEQFF","TRBJ2-1","INCOV100-BL","COVID-19",1,"ALSKGVHFV","SARS-CoV-2",0.67,6e-05
"245","TRBV27","CASSLDSPNQPQHF","TRBJ1-5","INCOV002-AC","COVID-19",1,"HTTDPSFLGRY","SARS-CoV-2",1,1e-05
"246","TRBV27","CASSLFGDSSYEQYF","TRBJ2-7","INCOV010-BL","COVID-19",1,"ALSKGVHFV","SARS-CoV-2",0.67,6e-05
"247","TRBV27","CASSLFGTAPYEQYF","TRBJ2-7","INCOV055-BL","COVID-19",1,"FTISVTTEIL","SARS-CoV-2",0.58,8e-05
"248","TRBV27","CASSLFGTGSYEQYF","TRBJ2-7","INCOV125-BL","COVID-19",1,"FTISVTTEIL","SARS-CoV-2",0.57,1e-04
"249","TRBV27","CASSLGGGELFF","TRBJ2-2","INCOV031-BL","COVID-19",1,"ILHCANFNV","SARS-CoV-2",0.8,3e-05
"250","TRBV27","CASSLGGSYEQYF","TRBJ2-7","INCOV132-AC","COVID-19",1,"FLPRVFSAV","SARS-CoV-2",0.75,1e-04
"251","TRBV27","CASSLGGSYEQYF","TRBJ2-7","INCOV132-AC","COVID-19",1,"TLIGDCATV","SARS-CoV-2",0.75,0
"252","TRBV27","CASSLGGSYEQYF","TRBJ2-7","INCOV132-AC","COVID-19",1,"IVDTVSALV","SARS-CoV-2",0.66,5e-05
"253","TRBV27","CASSLGGYEQYF","TRBJ2-7","INCOV056-BL","COVID-19",1,"ILHCANFNV","SARS-CoV-2",0.92,0
"254","TRBV27","CASSLGGYEQYF","TRBJ2-7","INCOV056-BL","COVID-19",1,"TLIGDCATV","SARS-CoV-2",0.59,7e-05
"255","TRBV27","CASSLGGYEQYF","TRBJ2-7","INCOV077-BL","COVID-19",1,"ILHCANFNV","SARS-CoV-2",0.92,0
"256","TRBV27","CASSLGGYEQYF","TRBJ2-7","INCOV077-BL","COVID-19",1,"TLIGDCATV","SARS-CoV-2",0.59,7e-05
"257","TRBV27","CASSLGNYEQYF","TRBJ2-7","INCOV077-AC","COVID-19",47,"LEPLVDLPI","SARS-CoV-2",0.72,3e-05
"258","TRBV27","CASSLGQGNYEQYF","TRBJ2-7","INCOV120-BL","COVID-19",1,"TPINLVRDL","SARS-CoV-2",0.79,7e-05
"259","TRBV27","CASSLGRDYEQYF","TRBJ2-7","INCOV044-AC","COVID-19",1,"TLIGDCATV","SARS-CoV-2",0.63,2e-05
"260","TRBV27","CASSLGRTYEQYF","TRBJ2-7","Healthy_CL2","normal",1,"TLIGDCATV","SARS-CoV-2",0.77,0
"261","TRBV27","CASSLGSNQPQHF","TRBJ1-5","INCOV002-BL","COVID-19",1,"HLVDFQVTI","SARS-CoV-2",0.83,1e-05
"262","TRBV27","CASSLGSNQPQHF","TRBJ1-5","INCOV076-AC","COVID-19",1,"HLVDFQVTI","SARS-CoV-2",0.83,1e-05
"263","TRBV27","CASSLGSPQETQYF","TRBJ2-5","INCOV090-AC","COVID-19",1,"HTTDPSFLGRY","SARS-CoV-2",0.99,4e-05
"264","TRBV27","CASSLGSSYEQYF","TRBJ2-7","INCOV117-AC","COVID-19",1,"KLSYGIATV","SARS-CoV-2",0.8,9e-05
"265","TRBV27","CASSLGSSYEQYF","TRBJ2-7","INCOV117-AC","COVID-19",1,"TLIGDCATV","SARS-CoV-2",0.88,0
"266","TRBV27","CASSLGTEAFF","TRBJ1-1","INCOV004-BL","COVID-19",1,"RQLLFVVEV","SARS-CoV-2",0.78,4e-05
"267","TRBV27","CASSLGTEAFF","TRBJ1-1","INCOV004-BL","COVID-19",1,"SEPVLKGVKL","SARS-CoV-2",0.75,2e-05
"268","TRBV27","CASSLGTGSSYEQYF","TRBJ2-7","INCOV125-BL","COVID-19",1,"TLVPQEHYV","SARS-CoV-2",0.71,5e-05
"269","TRBV27","CASSLGTSGSYNEQFF","TRBJ2-1","INCOV061-AC","COVID-19",1,"ITEEVGHTDLMAAY","SARS-CoV-2",0.61,1e-04
"270","TRBV27","CASSLGYEQYF","TRBJ2-7","INCOV002-BL","COVID-19",1,"KAYNVTQAF","SARS-CoV-2",0.72,3e-05
"271","TRBV27","CASSLGYEQYF","TRBJ2-7","INCOV002-BL","COVID-19",1,"FLNGSCGSV","SARS-CoV-2",0.96,3e-05
"272","TRBV27","CASSLGYEQYF","TRBJ2-7","INCOV077-AC","COVID-19",1,"KAYNVTQAF","SARS-CoV-2",0.72,3e-05
"273","TRBV27","CASSLGYEQYF","TRBJ2-7","INCOV077-AC","COVID-19",1,"FLNGSCGSV","SARS-CoV-2",0.96,3e-05
"274","TRBV27","CASSLLGAESSYEQYF","TRBJ2-7","INCOV027-AC","COVID-19",1,"SEVGPEHSLAEY","SARS-CoV-2",0.66,9e-05
"275","TRBV27","CASSLLGTGTYEQYF","TRBJ2-7","INCOV120-BL","COVID-19",1,"FTISVTTEIL","SARS-CoV-2",0.57,1e-04
"276","TRBV27","CASSLNTGELFF","TRBJ2-2","INCOV147-BL","COVID-19",1,"ILHCANFNV","SARS-CoV-2",0.72,9e-05
"277","TRBV27","CASSLRDGADEQFF","TRBJ2-1","INCOV002-AC","COVID-19",1,"HTTDPSFLGRY","SARS-CoV-2",0.97,9e-05
"278","TRBV27","CASSLRDMQETQYF","TRBJ2-5","INCOV039-AC","COVID-19",1,"HTTDPSFLGRY","SARS-CoV-2",0.97,9e-05
"279","TRBV27","CASSLRDSFTDTQYF","TRBJ2-3","INCOV002-AC","COVID-19",1,"HTTDPSFLGRY","SARS-CoV-2",0.99,4e-05
"280","TRBV27","CASSLRSGGDTQYF","TRBJ2-3","INCOV002-AC","COVID-19",1,"HTTDPSFLGRY","SARS-CoV-2",1,1e-05
"281","TRBV27","CASSLRSGQDTQYF","TRBJ2-3","INCOV060-BL","COVID-19",1,"HTTDPSFLGRY","SARS-CoV-2",1,1e-05
"282","TRBV27","CASSLRSGQDTQYF","TRBJ2-3","INCOV060-AC","COVID-19",1,"HTTDPSFLGRY","SARS-CoV-2",1,1e-05
"283","TRBV27","CASSLSAGTDTQYF","TRBJ2-3","INCOV020-AC","COVID-19",1,"HTTDPSFLGRY","SARS-CoV-2",0.97,9e-05
"284","TRBV27","CASSLSAPQETQYF","TRBJ2-5","INCOV002-AC","COVID-19",2,"HTTDPSFLGRY","SARS-CoV-2",1,1e-05
"285","TRBV27","CASSLSEGGYEQYF","TRBJ2-7","INCOV115-AC","COVID-19",1,"FPPTSFGPL","SARS-CoV-2",0.91,6e-05
"286","TRBV27","CASSLSEGSSEAFF","TRBJ1-1","INCOV128-AC","COVID-19",2,"FPPTSFGPL","SARS-CoV-2",0.92,4e-05
"287","TRBV27","CASSLSGPIETQYF","TRBJ2-5","INCOV039-AC","COVID-19",1,"HTTDPSFLGRY","SARS-CoV-2",1,1e-05
"288","TRBV27","CASSLSGPLETQYF","TRBJ2-5","INCOV045-BL","COVID-19",1,"HTTDPSFLGRY","SARS-CoV-2",1,1e-05
"289","TRBV27","CASSLSGPQETQYF","TRBJ2-5","INCOV002-AC","COVID-19",1,"HTTDPSFLGRY","SARS-CoV-2",1,1e-05
"290","TRBV27","CASSLSGTDTQYF","TRBJ2-3","INCOV083-BL","COVID-19",1,"LLFNKVTLA","SARS-CoV-2",0.68,8e-05
"291","TRBV27","CASSLSGTTYEQYF","TRBJ2-7","INCOV110-BL","COVID-19",1,"ALSKGVHFV","SARS-CoV-2",0.66,7e-05
"292","TRBV27","CASSLSGYEQYF","TRBJ2-7","INCOV012-AC","COVID-19",1,"ILHCANFNV","SARS-CoV-2",0.81,2e-05
"293","TRBV27","CASSLSSGGYEQFF","TRBJ2-1","Healthy_BP05191345","normal",1,"FPPTSFGPL","SARS-CoV-2",0.91,6e-05
"294","TRBV27","CASSLSSGSYEQYF","TRBJ2-7","INCOV010-BL","COVID-19",1,"FPPTSFGPL","SARS-CoV-2",0.97,1e-05
"295","TRBV27","CASSLSSPQETQYF","TRBJ2-5","INCOV002-AC","COVID-19",1,"HTTDPSFLGRY","SARS-CoV-2",1,1e-05
"296","TRBV27","CASSLSSSGEQYF","TRBJ2-7","INCOV066-BL","COVID-19",1,"FPPTSFGPL","SARS-CoV-2",0.93,4e-05
"297","TRBV27","CASSLSSYNEQFF","TRBJ2-1","INCOV002-AC","COVID-19",1,"FPPTSFGPL","SARS-CoV-2",0.93,4e-05
"298","TRBV27","CASSLSSYNEQFF","TRBJ2-1","INCOV056-BL","COVID-19",1,"FPPTSFGPL","SARS-CoV-2",0.93,4e-05
"299","TRBV27","CASSLSTGAPEAFF","TRBJ1-1","Healthy_3283BW","normal",1,"FPPTSFGPL","SARS-CoV-2",0.91,6e-05
"300","TRBV27","CASSLTAYNEQFF","TRBJ2-1","Healthy_2982BW","normal",1,"KLSYGIATV","SARS-CoV-2",0.79,1e-04
"301","TRBV27","CASSLTDSNQPQHF","TRBJ1-5","INCOV096-AC","COVID-19",1,"HTTDPSFLGRY","SARS-CoV-2",0.99,4e-05
"302","TRBV27","CASSLTDSTDTQYF","TRBJ2-3","INCOV002-AC","COVID-19",1,"YLDAYNMMI","SARS-CoV-2",0.68,5e-05
"303","TRBV27","CASSLTDSTDTQYF","TRBJ2-3","INCOV002-AC","COVID-19",1,"HTTDPSFLGRY","SARS-CoV-2",1,1e-05
"304","TRBV27","CASSLTDSTDTQYF","TRBJ2-3","INCOV060-BL","COVID-19",1,"YLDAYNMMI","SARS-CoV-2",0.68,5e-05
"305","TRBV27","CASSLTDSTDTQYF","TRBJ2-3","INCOV060-BL","COVID-19",1,"HTTDPSFLGRY","SARS-CoV-2",1,1e-05
"306","TRBV27","CASSLTGDSTDTQYF","TRBJ2-3","INCOV018-AC","COVID-19",1,"YLDAYNMMI","SARS-CoV-2",0.67,6e-05
"307","TRBV27","CASSLTGDSTDTQYF","TRBJ2-3","INCOV018-BL","COVID-19",1,"YLDAYNMMI","SARS-CoV-2",0.67,6e-05
"308","TRBV27","CASSLTGMNTEAFF","TRBJ1-1","Healthy_BP05191345","normal",1,"SEVGPEHSLAEY","SARS-CoV-2",0.79,1e-05
"309","TRBV27","CASSMTAPQETQYF","TRBJ2-5","INCOV066-BL","COVID-19",1,"HTTDPSFLGRY","SARS-CoV-2",0.98,7e-05
"310","TRBV27","CASSNRDSTDTQYF","TRBJ2-3","INCOV002-AC","COVID-19",1,"HTTDPSFLGRY","SARS-CoV-2",0.98,7e-05
"311","TRBV27","CASSNSYEQYF","TRBJ2-7","Healthy_6130BW","normal",1,"FLNGSCGSV","SARS-CoV-2",0.98,1e-05
"312","TRBV27","CASSPGHMNTEAFF","TRBJ1-1","INCOV056-BL","COVID-19",1,"WICLLQFAY","SARS-CoV-2",0.83,8e-05
"313","TRBV27","CASSPGTGAYEQYF","TRBJ2-7","INCOV002-BL","COVID-19",1,"NLNESLIDL","SARS-CoV-2",0.73,1e-04
"314","TRBV27","CASSPRDAWDEQFF","TRBJ2-1","INCOV039-AC","COVID-19",1,"HTTDPSFLGRY","SARS-CoV-2",1,1e-05
"315","TRBV27","CASSPRDFTDTQYF","TRBJ2-3","INCOV060-BL","COVID-19",1,"HTTDPSFLGRY","SARS-CoV-2",1,1e-05
"316","TRBV27","CASSPRDGGDTQYF","TRBJ2-3","INCOV090-AC","COVID-19",1,"HTTDPSFLGRY","SARS-CoV-2",1,1e-05
"317","TRBV27","CASSPRDGGDTQYF","TRBJ2-3","INCOV079-AC","COVID-19",1,"HTTDPSFLGRY","SARS-CoV-2",1,1e-05
"318","TRBV27","CASSPRDGGDTQYF","TRBJ2-3","INCOV090-BL","COVID-19",1,"HTTDPSFLGRY","SARS-CoV-2",1,1e-05
"319","TRBV27","CASSPRDSNEKLFF","TRBJ1-4","INCOV002-AC","COVID-19",1,"HTTDPSFLGRY","SARS-CoV-2",0.98,7e-05
"320","TRBV27","CASSPRDSTDTQYF","TRBJ2-3","INCOV034-BL","COVID-19",5,"HTTDPSFLGRY","SARS-CoV-2",0.99,4e-05
"321","TRBV27","CASSPRDSTDTQYF","TRBJ2-3","INCOV034-AC","COVID-19",7,"HTTDPSFLGRY","SARS-CoV-2",0.99,4e-05
"322","TRBV27","CASSPREGVTDTQYF","TRBJ2-3","INCOV014-BL","COVID-19",1,"HTTDPSFLGRY","SARS-CoV-2",1,1e-05
"323","TRBV27","CASSPRGPTDTQYF","TRBJ2-3","INCOV002-AC","COVID-19",1,"HTTDPSFLGRY","SARS-CoV-2",1,1e-05
"324","TRBV27","CASSPRSGADTQYF","TRBJ2-3","INCOV002-AC","COVID-19",3,"HTTDPSFLGRY","SARS-CoV-2",1,1e-05
"325","TRBV27","CASSPRSTNEKLFF","TRBJ1-4","INCOV002-AC","COVID-19",1,"HTTDPSFLGRY","SARS-CoV-2",0.97,9e-05
"326","TRBV27","CASSQRDSQETQYF","TRBJ2-5","INCOV002-AC","COVID-19",1,"HTTDPSFLGRY","SARS-CoV-2",0.99,4e-05
"327","TRBV27","CASSSGMNTEAFF","TRBJ1-1","INCOV042-BL","COVID-19",1,"HLVDFQVTI","SARS-CoV-2",0.77,5e-05
"328","TRBV27","CASSSRGPPDTQYF","TRBJ2-3","INCOV002-AC","COVID-19",1,"HTTDPSFLGRY","SARS-CoV-2",0.97,9e-05
"329","TRBV27","CASSSSYEQYF","TRBJ2-7","INCOV104-BL","COVID-19",1,"FLNGSCGSV","SARS-CoV-2",0.97,2e-05
"330","TRBV27","CASSTGDRVVNYGYTF","TRBJ1-2","INCOV060-AC","COVID-19",1,"TLDSKTQSL","SARS-CoV-2",0.86,3e-05
"331","TRBV27","CASSTRDGTDTQYF","TRBJ2-3","INCOV039-AC","COVID-19",1,"HTTDPSFLGRY","SARS-CoV-2",1,1e-05
"332","TRBV27","CASSWAGGTTEAFF","TRBJ1-1","INCOV056-BL","COVID-19",1,"FPPTSFGPL","SARS-CoV-2",0.93,4e-05
"333","TRBV27","CASSWGGNTEAFF","TRBJ1-1","INCOV002-AC","COVID-19",1,"HLVDFQVTI","SARS-CoV-2",0.79,4e-05
"334","TRBV27","CASSWGSNQPQHF","TRBJ1-5","INCOV060-AC","COVID-19",1,"HLVDFQVTI","SARS-CoV-2",0.83,1e-05
"335","TRBV27","CASSYRDPTDTQYF","TRBJ2-3","INCOV002-AC","COVID-19",1,"HTTDPSFLGRY","SARS-CoV-2",0.98,7e-05
"336","TRBV27","CASSYRGSTDTQYF","TRBJ2-3","Healthy_BP0319250","normal",1,"HTTDPSFLGRY","SARS-CoV-2",0.98,7e-05
"337","TRBV27","CASTSRGPTDTQYF","TRBJ2-3","INCOV002-AC","COVID-19",1,"HTTDPSFLGRY","SARS-CoV-2",0.99,4e-05
"338","TRBV28","CASSAETDYEQYF","TRBJ2-7","INCOV056-AC","COVID-19",1,"SEPVLKGVKL","SARS-CoV-2",0.67,1e-04
"339","TRBV28","CASSDSYEQYF","TRBJ2-7","INCOV023-BL","COVID-19",1,"FLNGSCGSV","SARS-CoV-2",0.9,6e-05
"340","TRBV28","CASSFETDYEQYF","TRBJ2-7","INCOV076-AC","COVID-19",1,"SEPVLKGVKL","SARS-CoV-2",0.68,9e-05
"341","TRBV28","CASSFGANTEAFF","TRBJ1-1","INCOV124-BL","COVID-19",1,"HLVDFQVTI","SARS-CoV-2",0.85,1e-05
"342","TRBV28","CASSFGANTEAFF","TRBJ1-1","INCOV124-AC","COVID-19",3,"HLVDFQVTI","SARS-CoV-2",0.85,1e-05
"343","TRBV28","CASSFGKVNTEAFF","TRBJ1-1","INCOV024-BL","COVID-19",1,"WICLLQFAY","SARS-CoV-2",0.91,4e-05
"344","TRBV28","CASSFGVVTQPQHF","TRBJ1-5","INCOV125-BL","COVID-19",1,"WICLLQFAY","SARS-CoV-2",0.86,7e-05
"345","TRBV28","CASSFSGDTQYF","TRBJ2-3","INCOV113-AC","COVID-19",1,"LLFNKVTLA","SARS-CoV-2",0.68,8e-05
"346","TRBV28","CASSFSYEQYF","TRBJ2-7","Healthy_2982BW","normal",1,"FLNGSCGSV","SARS-CoV-2",0.94,5e-05
"347","TRBV28","CASSLDRGEAQPQHF","TRBJ1-5","INCOV074-BL","COVID-19",1,"KAYNVTQAF","SARS-CoV-2",0.83,0
"348","TRBV28","CASSLGGAYEQYF","TRBJ2-7","INCOV002-BL","COVID-19",1,"IVDTVSALV","SARS-CoV-2",0.64,8e-05
"349","TRBV28","CASSLGGGTVYEQYF","TRBJ2-7","INCOV009-AC","COVID-19",1,"TLVPQEHYV","SARS-CoV-2",0.7,5e-05
"350","TRBV28","CASSLGGVYEQFF","TRBJ2-1","INCOV004-AC","COVID-19",1,"IVDTVSALV","SARS-CoV-2",0.68,3e-05
"351","TRBV28","CASSLGQGNQPQHF","TRBJ1-5","INCOV124-AC","COVID-19",1,"WICLLQFAY","SARS-CoV-2",0.81,8e-05
"352","TRBV28","CASSLGQNTEAFF","TRBJ1-1","Healthy_5046BW","normal",1,"FTISVTTEIL","SARS-CoV-2",0.61,6e-05
"353","TRBV28","CASSLGQNTEAFF","TRBJ1-1","Healthy_5046BW","normal",1,"HLVDFQVTI","SARS-CoV-2",0.92,1e-05
"354","TRBV28","CASSLGSNTEAFF","TRBJ1-1","INCOV034-BL","COVID-19",1,"HLVDFQVTI","SARS-CoV-2",0.86,1e-05
"355","TRBV28","CASSLGVGYEQYF","TRBJ2-7","INCOV012-AC","COVID-19",22,"YLNTLTLAV","SARS-CoV-2",0.82,1e-05
"356","TRBV28","CASSLGVGYEQYF","TRBJ2-7","INCOV012-BL","COVID-19",29,"YLNTLTLAV","SARS-CoV-2",0.82,1e-05
"357","TRBV28","CASSLGVNTEAFF","TRBJ1-1","INCOV006-AC","COVID-19",1,"HLVDFQVTI","SARS-CoV-2",0.92,1e-05
"358","TRBV28","CASSLLNTEAFF","TRBJ1-1","INCOV071-BL","COVID-19",1,"YFPLQSYGF","SARS-CoV-2",0.67,4e-05
"359","TRBV28","CASSPLGSGETQYF","TRBJ2-5","INCOV103-AC","COVID-19",1,"FLNRFTTTL","SARS-CoV-2",0.58,1e-04
"360","TRBV28","CASSSGGYEQYF","TRBJ2-7","INCOV042-AC","COVID-19",1,"ILHCANFNV","SARS-CoV-2",0.79,3e-05
"361","TRBV28","CASSSGTGATDTQYF","TRBJ2-3","INCOV041-BL","COVID-19",1,"IQYIDIGNY","SARS-CoV-2",0.87,0
"362","TRBV28","CASSSPGQGAYEQYF","TRBJ2-7","INCOV119-BL","COVID-19",1,"FLNRFTTTL","SARS-CoV-2",0.58,1e-04
"363","TRBV28","CASSWAYEQYF","TRBJ2-7","INCOV063-BL","COVID-19",1,"FLNGSCGSV","SARS-CoV-2",0.85,1e-04
"364","TRBV28","CASSWDRGTDTQYF","TRBJ2-3","INCOV126-AC","COVID-19",1,"SEISMDNSPNL","SARS-CoV-2",0.63,7e-05
"365","TRBV28","CASSYGRVGTEAFF","TRBJ1-1","INCOV019-BL","COVID-19",1,"WICLLQFAY","SARS-CoV-2",0.93,3e-05
"366","TRBV28","CASTLLAGGNNEQFF","TRBJ2-1","INCOV061-AC","COVID-19",1,"FADDLNQLTGY","SARS-CoV-2",0.6,5e-05
"367","TRBV29-1","CSVADGYEQYF","TRBJ2-7","INCOV027-AC","COVID-19",1,"ALSKGVHFV","SARS-CoV-2",0.66,7e-05
"368","TRBV29-1","CSVAGLAPHSYNEQFF","TRBJ2-1","INCOV125-AC","COVID-19",1,"TPINLVRDL","SARS-CoV-2",0.84,4e-05
"369","TRBV29-1","CSVEEIGGASYNEQFF","TRBJ2-1","INCOV056-AC","COVID-19",1,"TPINLVRDL","SARS-CoV-2",0.83,4e-05
"370","TRBV29-1","CSVEGEGDRVYNEQFF","TRBJ2-1","INCOV082-BL","COVID-19",2,"TPINLVRDL","SARS-CoV-2",0.87,1e-05
"371","TRBV29-1","CSVEGGHGYSSYNEQFF","TRBJ2-1","Healthy_CL2","normal",1,"TPINLVRDL","SARS-CoV-2",0.96,0
"372","TRBV29-1","CSVEGGTVYEQYF","TRBJ2-7","INCOV093-AC","COVID-19",1,"KLSYGIATV","SARS-CoV-2",0.78,1e-04
"373","TRBV29-1","CSVEGGTVYEQYF","TRBJ2-7","INCOV093-BL","COVID-19",2,"KLSYGIATV","SARS-CoV-2",0.78,1e-04
"374","TRBV29-1","CSVEGLADDFYYNEQFF","TRBJ2-1","INCOV120-AC","COVID-19",1,"TPINLVRDL","SARS-CoV-2",0.77,9e-05
"375","TRBV29-1","CSVEIQSSYEQYF","TRBJ2-7","INCOV066-BL","COVID-19",1,"HTTDPSFLGRY","SARS-CoV-2",0.97,9e-05
"376","TRBV29-1","CSVGGTGDRSYNEQFF","TRBJ2-1","INCOV004-BL","COVID-19",1,"TPINLVRDL","SARS-CoV-2",0.9,1e-05
"377","TRBV3-1","CASSEGLAGIEQFF","TRBJ2-1","INCOV045-AC","COVID-19",1,"YFPLQSYGF","SARS-CoV-2",0.66,8e-05
"378","TRBV3-1","CASSPARGLAYEQYF","TRBJ2-7","INCOV060-BL","COVID-19",1,"KPLEFGATSAAL","SARS-CoV-2",0.79,1e-04
"379","TRBV3-1","CASSPGTGAYEQYF","TRBJ2-7","INCOV112-AC","COVID-19",1,"NLNESLIDL","SARS-CoV-2",0.84,1e-05
"380","TRBV3-1","CASSPGTGGPYEQYF","TRBJ2-7","INCOV072-AC","COVID-19",1,"FLNGSCGSV","SARS-CoV-2",0.85,1e-04
"381","TRBV3-1","CASSPTGNEQFF","TRBJ2-1","INCOV113-AC","COVID-19",1,"ILGLPTQTV","SARS-CoV-2",0.79,2e-05
"382","TRBV3-1","CASSPTGNEQFF","TRBJ2-1","INCOV122-AC","COVID-19",2,"ILGLPTQTV","SARS-CoV-2",0.79,2e-05
"383","TRBV3-1","CASSQAGSQETQYF","TRBJ2-5","INCOV134-AC","COVID-19",1,"FLNRFTTTL","SARS-CoV-2",0.64,2e-05
"384","TRBV3-1","CASSQEGRSTDTQYF","TRBJ2-3","INCOV067-AC","COVID-19",1,"FADDLNQLTGY","SARS-CoV-2",0.56,1e-04
"385","TRBV3-1","CASSQGLAGVYEQFF","TRBJ2-1","INCOV019-AC","COVID-19",1,"YFPLQSYGF","SARS-CoV-2",0.74,1e-05
"386","TRBV3-1","CASSQGTGEAREQYF","TRBJ2-7","INCOV110-BL","COVID-19",1,"KAYNVTQAF","SARS-CoV-2",0.86,0
"387","TRBV3-1","CASSQGTGGLYEQYF","TRBJ2-7","INCOV056-BL","COVID-19",1,"TLVPQEHYV","SARS-CoV-2",0.71,5e-05
"388","TRBV3-1","CASSQGVSGWDEQFF","TRBJ2-1","INCOV121-BL","COVID-19",1,"KLWAQCVQL","SARS-CoV-2",0.81,2e-05
"389","TRBV3-1","CASSQLAGSSYNEQFF","TRBJ2-1","INCOV063-AC","COVID-19",1,"FVDGVPFVV","SARS-CoV-2",0.74,1e-04
"390","TRBV3-1","CASSQLAGSSYNEQFF","TRBJ2-1","INCOV063-BL","COVID-19",1,"FVDGVPFVV","SARS-CoV-2",0.74,1e-04
"391","TRBV3-1","CASSQPGLAVEQFF","TRBJ2-1","INCOV122-AC","COVID-19",1,"KPLEFGATSAAL","SARS-CoV-2",0.96,1e-05
"392","TRBV4-1","CASSGGLNTEAFF","TRBJ1-1","INCOV123-AC","COVID-19",1,"HLVDFQVTI","SARS-CoV-2",0.77,5e-05
"393","TRBV4-1","CASSPEGRSSYEQYF","TRBJ2-7","INCOV083-BL","COVID-19",1,"FADDLNQLTGY","SARS-CoV-2",0.56,1e-04
"394","TRBV4-1","CASSPGTEAFF","TRBJ1-1","INCOV125-AC","COVID-19",1,"RQLLFVVEV","SARS-CoV-2",0.85,3e-05
"395","TRBV4-1","CASSQAQGYEQYF","TRBJ2-7","INCOV030-AC","COVID-19",1,"IPIQASLPF","SARS-CoV-2",0.7,5e-05
"396","TRBV4-1","CASSQASGVSYEQYF","TRBJ2-7","Healthy_1193BW","normal",1,"LEPLVDLPI","SARS-CoV-2",0.67,9e-05
"397","TRBV4-1","CASSQDGGYEQYF","TRBJ2-7","INCOV122-AC","COVID-19",1,"IPIQASLPF","SARS-CoV-2",0.65,1e-04
"398","TRBV4-1","CASSQDGGYEQYF","TRBJ2-7","INCOV122-AC","COVID-19",1,"FLNGSCGSV","SARS-CoV-2",0.87,8e-05
"399","TRBV4-1","CASSQDTGDYTEAFF","TRBJ1-1","INCOV023-AC","COVID-19",1,"FTISVTTEIL","SARS-CoV-2",0.61,6e-05
"400","TRBV4-1","CASSQDTTIGYGYTF","TRBJ1-2","INCOV007-BL","COVID-19",1,"FTISVTTEIL","SARS-CoV-2",0.68,2e-05
"401","TRBV4-1","CASSQEDRDVHEQYF","TRBJ2-7","INCOV004-BL","COVID-19",3,"FADDLNQLTGY","SARS-CoV-2",0.67,1e-05
"402","TRBV4-1","CASSQEDRDVHEQYF","TRBJ2-7","INCOV004-AC","COVID-19",1,"FADDLNQLTGY","SARS-CoV-2",0.67,1e-05
"403","TRBV4-1","CASSQEDREGYEQYF","TRBJ2-7","INCOV071-BL","COVID-19",1,"FADDLNQLTGY","SARS-CoV-2",0.8,1e-05
"404","TRBV4-1","CASSQEEGLLNTEAFF","TRBJ1-1","INCOV070-AC","COVID-19",2,"KLSYGIATV","SARS-CoV-2",0.82,8e-05
"405","TRBV4-1","CASSQEGLAHEQFF","TRBJ2-1","INCOV027-BL","COVID-19",1,"KPLEFGATSAAL","SARS-CoV-2",0.81,8e-05
"406","TRBV4-1","CASSQEGRAADTQYF","TRBJ2-3","INCOV071-AC","COVID-19",1,"FADDLNQLTGY","SARS-CoV-2",0.85,1e-05
"407","TRBV4-1","CASSQEGRVTETQYF","TRBJ2-5","INCOV049-AC","COVID-19",1,"FADDLNQLTGY","SARS-CoV-2",0.84,1e-05
"408","TRBV4-1","CASSQEGSGGFGDTQYF","TRBJ2-3","Healthy_Mix_donor1","normal",1,"SEVGPEHSLAEY","SARS-CoV-2",0.7,6e-05
"409","TRBV4-1","CASSQEKRDTDTQYF","TRBJ2-3","INCOV010-BL","COVID-19",1,"FADDLNQLTGY","SARS-CoV-2",0.58,7e-05
"410","TRBV4-1","CASSQELADNEQFF","TRBJ2-1","INCOV010-BL","COVID-19",1,"FVDGVPFVV","SARS-CoV-2",0.76,7e-05
"411","TRBV4-1","CASSQGFSSLYEQYF","TRBJ2-7","INCOV026-BL","COVID-19",1,"LEPLVDLPI","SARS-CoV-2",0.74,2e-05
"412","TRBV4-1","CASSQGTNTEAFF","TRBJ1-1","INCOV027-BL","COVID-19",1,"HLVDFQVTI","SARS-CoV-2",0.78,4e-05
"413","TRBV4-1","CASSQLLGTDTQYF","TRBJ2-3","INCOV125-AC","COVID-19",1,"YFPLQSYGF","SARS-CoV-2",0.67,4e-05
"414","TRBV4-1","CASSQVAGGAYEQYF","TRBJ2-7","INCOV123-BL","COVID-19",1,"LEPLVDLPI","SARS-CoV-2",0.69,7e-05
"415","TRBV4-1","CASSQVAVTSYEQYF","TRBJ2-7","INCOV025-AC","COVID-19",1,"LEPLVDLPI","SARS-CoV-2",0.7,5e-05
"416","TRBV4-1","CASSQVGLASEQFF","TRBJ2-1","Healthy_1193BW","normal",1,"KPLEFGATSAAL","SARS-CoV-2",0.93,1e-05
"417","TRBV4-1","CASSQVLDPSYEQYF","TRBJ2-7","INCOV086-AC","COVID-19",1,"LEPLVDLPI","SARS-CoV-2",0.8,0
"418","TRBV4-1","CASSQVPGASYEQYF","TRBJ2-7","INCOV050-AC","COVID-19",1,"LEPLVDLPI","SARS-CoV-2",0.72,3e-05
"419","TRBV4-1","CASSQVSGVYNEQFF","TRBJ2-1","Healthy_6130BW","normal",1,"LEPLVDLPI","SARS-CoV-2",0.68,8e-05
"420","TRBV4-1","CASSQVTDYEQYF","TRBJ2-7","INCOV116-AC","COVID-19",1,"SEPVLKGVKL","SARS-CoV-2",0.72,6e-05
"421","TRBV4-1","CASSQVTDYEQYF","TRBJ2-7","INCOV116-AC","COVID-19",1,"LEPLVDLPI","SARS-CoV-2",0.67,9e-05
"422","TRBV4-1","CASSQVTGYNEQFF","TRBJ2-1","INCOV141-AC","COVID-19",1,"LEPLVDLPI","SARS-CoV-2",0.79,1e-05
"423","TRBV4-1","CASSSSYEQYF","TRBJ2-7","INCOV105-BL","COVID-19",1,"FLNGSCGSV","SARS-CoV-2",0.89,6e-05
"424","TRBV4-2","CASSGGTSYEQYF","TRBJ2-7","INCOV006-AC","COVID-19",1,"NLNESLIDL","SARS-CoV-2",0.73,1e-04
"425","TRBV4-2","CASSPTGSYEQYF","TRBJ2-7","INCOV036-BL","COVID-19",1,"EILDITPCSF","SARS-CoV-2",0.85,2e-05
"426","TRBV4-2","CASSQDLGAVEQYF","TRBJ2-7","INCOV048-BL","COVID-19",1,"YFPLQSYGF","SARS-CoV-2",0.66,8e-05
"427","TRBV4-2","CASSQDPGYEQYF","TRBJ2-7","INCOV141-AC","COVID-19",1,"FLNGSCGSV","SARS-CoV-2",0.85,1e-04
"428","TRBV4-2","CASSQDSYEQYF","TRBJ2-7","INCOV144-AC","COVID-19",3,"FLNGSCGSV","SARS-CoV-2",0.87,8e-05
"429","TRBV4-2","CASSQDSYEQYF","TRBJ2-7","INCOV144-BL","COVID-19",7,"FLNGSCGSV","SARS-CoV-2",0.87,8e-05
"430","TRBV4-2","CASSQDSYEQYF","TRBJ2-7","INCOV111-BL","COVID-19",5,"FLNGSCGSV","SARS-CoV-2",0.87,8e-05
"431","TRBV4-2","CASSQDSYEQYF","TRBJ2-7","INCOV121-BL","COVID-19",1,"FLNGSCGSV","SARS-CoV-2",0.87,8e-05
"432","TRBV4-2","CASSQDSYEQYF","TRBJ2-7","INCOV111-AC","COVID-19",2,"FLNGSCGSV","SARS-CoV-2",0.87,8e-05
"433","TRBV4-2","CASSQEDGLATYEQYF","TRBJ2-7","INCOV036-BL","COVID-19",1,"KLSYGIATV","SARS-CoV-2",0.78,1e-04
"434","TRBV4-2","CASSQETGLLNTEAFF","TRBJ1-1","INCOV082-AC","COVID-19",1,"KLSYGIATV","SARS-CoV-2",0.81,8e-05
"435","TRBV4-2","CASSQETSGAYNEQFF","TRBJ2-1","INCOV122-BL","COVID-19",1,"ILGLPTQTV","SARS-CoV-2",0.74,7e-05
"436","TRBV4-2","CASSQETSGAYNEQFF","TRBJ2-1","INCOV122-AC","COVID-19",1,"ILGLPTQTV","SARS-CoV-2",0.74,7e-05
"437","TRBV4-2","CASSQGLAGADTQYF","TRBJ2-3","INCOV039-BL","COVID-19",1,"MPASWVMRI","SARS-CoV-2",0.91,4e-05
"438","TRBV4-2","CASSQIAGGTDTQYF","TRBJ2-3","INCOV020-BL","COVID-19",1,"FLNGSCGSV","SARS-CoV-2",0.89,6e-05
"439","TRBV4-3","CASSQDDTNTEAFF","TRBJ1-1","INCOV019-AC","COVID-19",1,"LPPAYTNSF","SARS-CoV-2",0.64,4e-05
"440","TRBV4-3","CASSQDLLSYEQYF","TRBJ2-7","INCOV127-BL","COVID-19",1,"KLSYGIATV","SARS-CoV-2",0.85,2e-05
"441","TRBV4-3","CASSQDWLRGGSTDTQYF","TRBJ2-3","INCOV002-AC","COVID-19",1,"ILGLPTQTV","SARS-CoV-2",0.77,3e-05
"442","TRBV4-3","CASSQEDRGSYNEQFF","TRBJ2-1","INCOV001-BL","COVID-19",1,"KLPDDFTGCV","SARS-CoV-2",0.88,2e-05
"443","TRBV4-3","CASSQESQLAGGRETQYF","TRBJ2-5","INCOV119-BL","COVID-19",1,"ILGLPTQTV","SARS-CoV-2",0.85,1e-05
"444","TRBV4-3","CASSQETASSYNSPLHF","TRBJ1-6","INCOV116-BL","COVID-19",1,"KLPDDFTGCV","SARS-CoV-2",0.86,2e-05
"445","TRBV4-3","CASSQGQGSGNTIYF","TRBJ1-3","INCOV127-AC","COVID-19",1,"KEIDRLNEV","SARS-CoV-2",0.84,2e-05
"446","TRBV4-3","CASSQGYEQYF","TRBJ2-7","INCOV002-AC","COVID-19",1,"FLNGSCGSV","SARS-CoV-2",0.99,0
"447","TRBV4-3","CASSQGYEQYF","TRBJ2-7","INCOV002-AC","COVID-19",1,"RQLLFVVEV","SARS-CoV-2",0.8,3e-05
"448","TRBV4-3","CASSQVGTGETQYF","TRBJ2-5","INCOV059-AC","COVID-19",1,"FLNRFTTTL","SARS-CoV-2",0.65,1e-05
"449","TRBV5-1","CASSEGQGNGNTIYF","TRBJ1-3","Healthy_1193BW","normal",2,"KEIDRLNEV","SARS-CoV-2",0.8,9e-05
"450","TRBV5-1","CASSFSGYEQYF","TRBJ2-7","INCOV136-AC","COVID-19",1,"FLNGSCGSV","SARS-CoV-2",0.97,2e-05
"451","TRBV5-1","CASSGTGPYEQYF","TRBJ2-7","INCOV003-AC","COVID-19",1,"NLNESLIDL","SARS-CoV-2",0.82,1e-05
"452","TRBV5-1","CASSLGGAYEQYF","TRBJ2-7","INCOV027-AC","COVID-19",1,"IVDTVSALV","SARS-CoV-2",0.67,4e-05
"453","TRBV5-1","CASSLGGAYNEQFF","TRBJ2-1","INCOV043-AC","COVID-19",1,"IPIQASLPF","SARS-CoV-2",0.75,2e-05
"454","TRBV5-1","CASSLGGNEQFF","TRBJ2-1","INCOV071-BL","COVID-19",1,"VLWAHGFEL","SARS-CoV-2",0.81,8e-05
"455","TRBV5-1","CASSLGGSYEQYF","TRBJ2-7","INCOV001-BL","COVID-19",1,"FLPRVFSAV","SARS-CoV-2",0.84,1e-05
"456","TRBV5-1","CASSLGGSYEQYF","TRBJ2-7","INCOV001-BL","COVID-19",1,"IVDTVSALV","SARS-CoV-2",0.68,3e-05
"457","TRBV5-1","CASSLGLNTEAFF","TRBJ1-1","INCOV136-AC","COVID-19",1,"HLVDFQVTI","SARS-CoV-2",0.94,0
"458","TRBV5-1","CASSLGQGTGNTIYF","TRBJ1-3","INCOV127-BL","COVID-19",1,"KEIDRLNEV","SARS-CoV-2",0.87,0
"459","TRBV5-1","CASSLGSGSYEQYF","TRBJ2-7","Healthy_2982BW","normal",1,"TPINLVRDL","SARS-CoV-2",0.9,1e-05
"460","TRBV5-1","CASSLGSYEQYF","TRBJ2-7","INCOV075-BL","COVID-19",1,"FLPRVFSAV","SARS-CoV-2",0.85,1e-05
"461","TRBV5-1","CASSLGSYEQYF","TRBJ2-7","INCOV075-BL","COVID-19",1,"FLNGSCGSV","SARS-CoV-2",0.88,8e-05
"462","TRBV5-1","CASSLGSYEQYF","TRBJ2-7","INCOV103-BL","COVID-19",1,"FLPRVFSAV","SARS-CoV-2",0.85,1e-05
"463","TRBV5-1","CASSLGSYEQYF","TRBJ2-7","INCOV103-BL","COVID-19",1,"FLNGSCGSV","SARS-CoV-2",0.88,8e-05
"464","TRBV5-1","CASSLLPGELFF","TRBJ2-2","INCOV003-AC","COVID-19",1,"YFPLQSYGF","SARS-CoV-2",0.73,1e-05
"465","TRBV5-1","CASSLSEYNEQFF","TRBJ2-1","INCOV125-AC","COVID-19",1,"IPIQASLPF","SARS-CoV-2",0.69,6e-05
"466","TRBV5-1","CASSLSYEQYF","TRBJ2-7","INCOV019-BL","COVID-19",1,"FLNGSCGSV","SARS-CoV-2",0.92,5e-05
"467","TRBV5-1","CASSLVGGMNTEAFF","TRBJ1-1","INCOV106-AC","COVID-19",1,"IVDTVSALV","SARS-CoV-2",0.65,6e-05
"468","TRBV5-1","CASSLYELNTEAFF","TRBJ1-1","INCOV060-AC","COVID-19",1,"IPIQASLPF","SARS-CoV-2",0.72,4e-05
"469","TRBV5-1","CASSSENTGELFF","TRBJ2-2","INCOV030-AC","COVID-19",1,"YLQPRTFLL","SARS-CoV-2",0.99,7e-05
"470","TRBV5-1","CASSSGLAGTDTQYF","TRBJ2-3","INCOV144-AC","COVID-19",1,"MPASWVMRI","SARS-CoV-2",0.94,1e-05
"471","TRBV5-1","CASSSGWASTDTQYF","TRBJ2-3","INCOV077-BL","COVID-19",1,"FADDLNQLTGY","SARS-CoV-2",0.57,8e-05
"472","TRBV5-1","CASSTGLAGADEQFF","TRBJ2-1","INCOV134-BL","COVID-19",1,"MPASWVMRI","SARS-CoV-2",0.91,4e-05
"473","TRBV5-1","CASSTGLAGVINEQFF","TRBJ2-1","INCOV016-AC","COVID-19",1,"NQKLIANQF","SARS-CoV-2",0.72,2e-05
"474","TRBV5-1","CASSTTYEQYF","TRBJ2-7","INCOV078-AC","COVID-19",1,"FLNGSCGSV","SARS-CoV-2",0.9,6e-05
"475","TRBV5-4","CASSFGDYEQYF","TRBJ2-7","Healthy_2773BW","normal",1,"FLPRVFSAV","SARS-CoV-2",0.78,6e-05
"476","TRBV5-4","CASSFGDYEQYF","TRBJ2-7","Healthy_2773BW","normal",1,"FLNGSCGSV","SARS-CoV-2",0.97,2e-05
"477","TRBV5-4","CASSFGDYEQYF","TRBJ2-7","Healthy_2773BW","normal",1,"VLWAHGFEL","SARS-CoV-2",0.79,8e-05
"478","TRBV5-4","CASSFGHNTEAFF","TRBJ1-1","INCOV006-AC","COVID-19",1,"HLVDFQVTI","SARS-CoV-2",0.77,5e-05
"479","TRBV5-4","CASSLGGAYEQYF","TRBJ2-7","INCOV128-AC","COVID-19",1,"IVDTVSALV","SARS-CoV-2",0.66,5e-05
"480","TRBV5-4","CASSLGPNEQFF","TRBJ2-1","INCOV010-BL","COVID-19",1,"VLWAHGFEL","SARS-CoV-2",0.9,2e-05
"481","TRBV5-4","CASSLGQNTEAFF","TRBJ1-1","INCOV067-BL","COVID-19",1,"FTISVTTEIL","SARS-CoV-2",0.58,8e-05
"482","TRBV5-4","CASSLGQNTEAFF","TRBJ1-1","INCOV067-BL","COVID-19",1,"HLVDFQVTI","SARS-CoV-2",0.92,1e-05
"483","TRBV5-4","CASSLGVSYEQYF","TRBJ2-7","INCOV127-AC","COVID-19",1,"TLIGDCATV","SARS-CoV-2",0.67,1e-05
"484","TRBV5-4","CASSLGVSYEQYF","TRBJ2-7","INCOV127-AC","COVID-19",1,"YLNTLTLAV","SARS-CoV-2",0.77,5e-05
"485","TRBV5-4","CASSLGVYEQYF","TRBJ2-7","INCOV117-AC","COVID-19",1,"IVDTVSALV","SARS-CoV-2",0.64,8e-05
"486","TRBV5-4","CASSLGWNTGELFF","TRBJ2-2","INCOV119-BL","COVID-19",1,"VLWAHGFEL","SARS-CoV-2",0.91,2e-05
"487","TRBV5-4","CASSLGYEQYF","TRBJ2-7","INCOV132-AC","COVID-19",1,"FLNGSCGSV","SARS-CoV-2",0.95,3e-05
"488","TRBV5-4","CASSLSASYEQYF","TRBJ2-7","INCOV125-BL","COVID-19",1,"FLPRVFSAV","SARS-CoV-2",0.81,4e-05
"489","TRBV5-4","CASSLVGGEQYF","TRBJ2-7","Healthy_2982BW","normal",1,"FLPRVFSAV","SARS-CoV-2",0.93,1e-05
"490","TRBV5-5","CASSFGGNTEAFF","TRBJ1-1","Healthy_1193BW","normal",1,"HLVDFQVTI","SARS-CoV-2",0.78,4e-05
"491","TRBV5-5","CASSLAGDEQFF","TRBJ2-1","INCOV060-AC","COVID-19",1,"LLFNKVTLA","SARS-CoV-2",0.71,2e-05
"492","TRBV5-5","CASSLGLNTEAFF","TRBJ1-1","INCOV141-AC","COVID-19",1,"HLVDFQVTI","SARS-CoV-2",0.96,0
"493","TRBV5-5","CASSLGRNTEAFF","TRBJ1-1","INCOV111-AC","COVID-19",1,"HLVDFQVTI","SARS-CoV-2",0.82,2e-05
"494","TRBV5-5","CASSLVGGLNTEAFF","TRBJ1-1","INCOV137-BL","COVID-19",1,"IVDTVSALV","SARS-CoV-2",0.67,4e-05
"495","TRBV5-6","CASSASYEQYF","TRBJ2-7","Healthy_3126BW","normal",41,"FLNGSCGSV","SARS-CoV-2",1,0
"496","TRBV5-6","CASSDSYEQYF","TRBJ2-7","INCOV053-AC","COVID-19",1,"FLNGSCGSV","SARS-CoV-2",0.9,6e-05
"497","TRBV5-6","CASSFGQGAYEQYF","TRBJ2-7","INCOV002-BL","COVID-19",1,"NLNESLIDL","SARS-CoV-2",0.74,8e-05
"498","TRBV5-6","CASSFSYEQYF","TRBJ2-7","INCOV127-BL","COVID-19",1,"FLNGSCGSV","SARS-CoV-2",0.97,2e-05
"499","TRBV5-6","CASSFTDTQYF","TRBJ2-3","Healthy_1193BW","normal",1,"YLNTLTLAV","SARS-CoV-2",0.94,0
"500","TRBV5-6","CASSGGLAGGNDEQFF","TRBJ2-1","INCOV141-AC","COVID-19",1,"NQKLIANQF","SARS-CoV-2",0.69,4e-05
"501","TRBV5-6","CASSLAGNEQYF","TRBJ2-7","INCOV056-BL","COVID-19",1,"FVDGVPFVV","SARS-CoV-2",0.78,6e-05
"502","TRBV5-6","CASSLAGNEQYF","TRBJ2-7","Healthy_1053BW","normal",1,"FVDGVPFVV","SARS-CoV-2",0.78,6e-05
"503","TRBV5-6","CASSLGDTQYF","TRBJ2-3","INCOV027-BL","COVID-19",1,"YLNTLTLAV","SARS-CoV-2",0.85,1e-05
"504","TRBV5-6","CASSLGNEQFF","TRBJ2-1","INCOV081-BL","COVID-19",1,"YLNTLTLAV","SARS-CoV-2",0.93,0
"505","TRBV5-6","CASSLGRSYEQYF","TRBJ2-7","INCOV141-AC","COVID-19",1,"TLIGDCATV","SARS-CoV-2",0.58,9e-05
"506","TRBV5-6","CASSLGYEQYF","TRBJ2-7","INCOV132-BL","COVID-19",1,"FLNGSCGSV","SARS-CoV-2",0.96,3e-05
"507","TRBV5-6","CASSLRGNEQFF","TRBJ2-1","INCOV023-BL","COVID-19",1,"YLDAYNMMI","SARS-CoV-2",0.66,6e-05
"508","TRBV5-6","CASSLRGNEQFF","TRBJ2-1","INCOV014-BL","COVID-19",5,"YLDAYNMMI","SARS-CoV-2",0.66,6e-05
"509","TRBV5-6","CASSLRGNEQFF","TRBJ2-1","INCOV059-BL","COVID-19",2,"YLDAYNMMI","SARS-CoV-2",0.66,6e-05
"510","TRBV5-6","CASSLRGNEQFF","TRBJ2-1","INCOV059-AC","COVID-19",3,"YLDAYNMMI","SARS-CoV-2",0.66,6e-05
"511","TRBV5-6","CASSLRGNEQFF","TRBJ2-1","INCOV023-AC","COVID-19",1,"YLDAYNMMI","SARS-CoV-2",0.66,6e-05
"512","TRBV5-6","CASSLSSYEQYF","TRBJ2-7","INCOV066-AC","COVID-19",2,"FLPRVFSAV","SARS-CoV-2",0.77,7e-05
"513","TRBV5-6","CASSLSSYEQYF","TRBJ2-7","INCOV066-AC","COVID-19",2,"FLNGSCGSV","SARS-CoV-2",0.88,8e-05
"514","TRBV5-6","CASSLTDTQYF","TRBJ2-3","INCOV025-BL","COVID-19",1,"YLNTLTLAV","SARS-CoV-2",0.96,0
"515","TRBV5-6","CASSLVSYEQYF","TRBJ2-7","INCOV071-BL","COVID-19",1,"FLNGSCGSV","SARS-CoV-2",0.87,8e-05
"516","TRBV5-6","CASSLVSYEQYF","TRBJ2-7","INCOV071-BL","COVID-19",1,"FVDGVPFVV","SARS-CoV-2",0.88,1e-05
"517","TRBV5-8","CASSLADSYEQYF","TRBJ2-7","INCOV093-AC","COVID-19",2,"ITEEVGHTDLMAAY","SARS-CoV-2",0.72,1e-05
"518","TRBV5-8","CASSLGGGYEQYF","TRBJ2-7","INCOV091-BL","COVID-19",1,"IVDTVSALV","SARS-CoV-2",0.64,8e-05
"519","TRBV5-8","CASSLGSGNYEQYF","TRBJ2-7","INCOV001-BL","COVID-19",1,"TPINLVRDL","SARS-CoV-2",0.8,7e-05
"520","TRBV6-1","CASGSYEQYF","TRBJ2-7","INCOV019-BL","COVID-19",1,"ALSKGVHFV","SARS-CoV-2",0.64,9e-05
"521","TRBV6-1","CASSEGLAGADTQYF","TRBJ2-3","INCOV036-BL","COVID-19",1,"MPASWVMRI","SARS-CoV-2",0.86,5e-05
"522","TRBV6-2","CASGLGLAAADTQYF","TRBJ2-3","Healthy_BP0219101","normal",1,"KLWAQCVQL","SARS-CoV-2",0.68,1e-04
"523","TRBV6-2","CASGTSYEQYF","TRBJ2-7","INCOV004-BL","COVID-19",1,"ALSKGVHFV","SARS-CoV-2",0.65,8e-05
"524","TRBV6-2","CASSEAYEQYF","TRBJ2-7","INCOV036-BL","COVID-19",1,"ALSKGVHFV","SARS-CoV-2",0.69,5e-05
"525","TRBV6-2","CASSFGYEQYF","TRBJ2-7","INCOV010-BL","COVID-19",1,"KAYNVTQAF","SARS-CoV-2",0.66,7e-05
"526","TRBV6-2","CASSLGAYEQYF","TRBJ2-7","INCOV104-BL","COVID-19",1,"FLNGSCGSV","SARS-CoV-2",0.85,1e-04
"527","TRBV6-2","CASSLGAYEQYF","TRBJ2-7","INCOV104-BL","COVID-19",1,"ILHCANFNV","SARS-CoV-2",0.71,1e-04
"528","TRBV6-2","CASSLGHSYEQYF","TRBJ2-7","INCOV111-BL","COVID-19",1,"TLIGDCATV","SARS-CoV-2",0.59,7e-05
"529","TRBV6-2","CASSLGNTEAFF","TRBJ1-1","INCOV061-BL","COVID-19",1,"FVDGVPFVV","SARS-CoV-2",0.79,1e-05
"530","TRBV6-2","CASSLGNTEAFF","TRBJ1-1","Healthy_Mix_donor1","normal",1,"FVDGVPFVV","SARS-CoV-2",0.79,1e-05
"531","TRBV6-2","CASSLTGEAFF","TRBJ1-1","Healthy_1053BW","normal",1,"SEPVLKGVKL","SARS-CoV-2",0.68,9e-05
"532","TRBV6-2","CASSLTGGSTDTQYF","TRBJ2-3","INCOV115-AC","COVID-19",2,"FLPRVFSAV","SARS-CoV-2",0.77,7e-05
"533","TRBV6-2","CASSSGTGEVLEQYF","TRBJ2-7","INCOV045-BL","COVID-19",1,"KAYNVTQAF","SARS-CoV-2",0.8,2e-05
"534","TRBV6-2","CASSTGYSNQPQHF","TRBJ1-5","INCOV060-BL","COVID-19",1,"HTTDPSFLGRY","SARS-CoV-2",0.97,9e-05
"535","TRBV6-2","CASSWTSGSTDTQYF","TRBJ2-3","Healthy_2982BW","normal",1,"FLPRVFSAV","SARS-CoV-2",0.89,1e-05
"536","TRBV6-2","CASSWTSGSTDTQYF","TRBJ2-3","Healthy_CL2","normal",1,"FLPRVFSAV","SARS-CoV-2",0.89,1e-05
"537","TRBV6-2","CASSYATGEVNEQYF","TRBJ2-7","Healthy_1053BW","normal",1,"KAYNVTQAF","SARS-CoV-2",0.66,7e-05
"538","TRBV6-2","CASSYGASSYEQYF","TRBJ2-7","INCOV122-BL","COVID-19",1,"FTISVTTEIL","SARS-CoV-2",0.62,4e-05
"539","TRBV6-2","CASSYGGTGSYEQYF","TRBJ2-7","INCOV106-BL","COVID-19",1,"FTISVTTEIL","SARS-CoV-2",0.61,6e-05
"540","TRBV6-2","CASSYGGTYNEQFF","TRBJ2-1","Healthy_1193BW","normal",1,"TLIGDCATV","SARS-CoV-2",0.87,0
"541","TRBV6-2","CASSYGLAGIDEQFF","TRBJ2-1","INCOV094-BL","COVID-19",1,"MPASWVMRI","SARS-CoV-2",0.82,9e-05
"542","TRBV6-2","CASSYGRTEAFF","TRBJ1-1","INCOV093-BL","COVID-19",1,"FVDGVPFVV","SARS-CoV-2",0.83,1e-05
"543","TRBV6-2","CASSYGTYEQYF","TRBJ2-7","INCOV127-AC","COVID-19",1,"FLNGSCGSV","SARS-CoV-2",0.87,8e-05
"544","TRBV6-2","CASSYGYEQYF","TRBJ2-7","INCOV125-BL","COVID-19",1,"KAYNVTQAF","SARS-CoV-2",0.65,1e-04
"545","TRBV6-2","CASSYSGYEQYF","TRBJ2-7","INCOV012-BL","COVID-19",1,"FVDGVPFVV","SARS-CoV-2",0.75,9e-05
"546","TRBV6-2","CASSYYGQGYEQYF","TRBJ2-7","INCOV112-BL","COVID-19",1,"FTISVTTEIL","SARS-CoV-2",0.65,3e-05
"547","TRBV6-2","CASTPAGELFF","TRBJ2-2","INCOV016-BL","COVID-19",1,"YFPLQSYGF","SARS-CoV-2",0.71,1e-05
"548","TRBV6-4","CASSDSGGNTEAFF","TRBJ1-1","INCOV101-BL","COVID-19",1,"KAYNVTQAF","SARS-CoV-2",0.67,5e-05
"549","TRBV6-4","CASSEGSNQPQHF","TRBJ1-5","INCOV100-BL","COVID-19",1,"HLVDFQVTI","SARS-CoV-2",0.76,6e-05
"550","TRBV6-4","CASSIGRGEYNEQFF","TRBJ2-1","INCOV056-AC","COVID-19",1,"KAYNVTQAF","SARS-CoV-2",0.72,3e-05
"551","TRBV6-4","CASSLAGGYNEQFF","TRBJ2-1","INCOV027-BL","COVID-19",1,"VLWAHGFEL","SARS-CoV-2",0.78,9e-05
"552","TRBV6-4","CASSPTSGSTDTQYF","TRBJ2-3","INCOV126-AC","COVID-19",1,"FLPRVFSAV","SARS-CoV-2",0.86,1e-05
"553","TRBV6-5","CASSLGGTEAFF","TRBJ1-1","INCOV105-AC","COVID-19",1,"FVDGVPFVV","SARS-CoV-2",0.78,6e-05
"554","TRBV6-5","CASSLGNTEAFF","TRBJ1-1","INCOV023-AC","COVID-19",1,"FVDGVPFVV","SARS-CoV-2",0.75,9e-05
"555","TRBV6-5","CASSLGQNTEAFF","TRBJ1-1","Healthy_1193BW","normal",1,"HLVDFQVTI","SARS-CoV-2",0.84,1e-05
"556","TRBV6-5","CASSLGQNTEAFF","TRBJ1-1","Healthy_1193BW","normal",1,"FTISVTTEIL","SARS-CoV-2",0.65,3e-05
"557","TRBV6-5","CASSLSGDEQFF","TRBJ2-1","INCOV027-BL","COVID-19",1,"LLFNKVTLA","SARS-CoV-2",0.69,6e-05
"558","TRBV6-5","CASSPTGYNEQFF","TRBJ2-1","INCOV076-AC","COVID-19",1,"LEPLVDLPI","SARS-CoV-2",0.69,7e-05
"559","TRBV6-5","CASSQGANTEAFF","TRBJ1-1","INCOV088-AC","COVID-19",1,"HLVDFQVTI","SARS-CoV-2",0.78,4e-05
"560","TRBV6-5","CASSSPGLAYEQYF","TRBJ2-7","INCOV010-BL","COVID-19",1,"KPLEFGATSAAL","SARS-CoV-2",0.83,5e-05
"561","TRBV6-5","CASSVSGGSQETQYF","TRBJ2-5","INCOV093-AC","COVID-19",1,"FLPRVFSAV","SARS-CoV-2",0.75,1e-04
"562","TRBV6-5","CASSYGDYEQYF","TRBJ2-7","INCOV144-BL","COVID-19",1,"FLNGSCGSV","SARS-CoV-2",0.85,1e-04
"563","TRBV6-5","CASSYGGYEQYF","TRBJ2-7","INCOV026-BL","COVID-19",1,"FLNGSCGSV","SARS-CoV-2",0.96,3e-05
"564","TRBV6-5","CASSYSSDSSYEQYF","TRBJ2-7","INCOV113-AC","COVID-19",1,"QECVRGTTVL","SARS-CoV-2",0.89,2e-05
"565","TRBV6-5","CATEDVDSYEQYF","TRBJ2-7","INCOV126-BL","COVID-19",1,"SEPVLKGVKL","SARS-CoV-2",0.73,6e-05
"566","TRBV6-6","CASSPGTSNWETQYF","TRBJ2-5","INCOV144-BL","COVID-19",1,"KLWAQCVQL","SARS-CoV-2",0.71,6e-05
"567","TRBV6-6","CASSSGASGWDTQYF","TRBJ2-3","INCOV087-AC","COVID-19",1,"KLWAQCVQL","SARS-CoV-2",0.75,3e-05
"568","TRBV7-2","CASSFGQGSGNTIYF","TRBJ1-3","INCOV094-BL","COVID-19",1,"KEIDRLNEV","SARS-CoV-2",0.83,3e-05
"569","TRBV7-2","CASSGQGYEQYF","TRBJ2-7","INCOV053-AC","COVID-19",1,"NLNESLIDL","SARS-CoV-2",0.75,5e-05
"570","TRBV7-2","CASSLARYQETQYF","TRBJ2-5","INCOV067-AC","COVID-19",1,"RQLLFVVEV","SARS-CoV-2",0.86,3e-05
"571","TRBV7-2","CASSLGGDEQYF","TRBJ2-7","INCOV144-AC","COVID-19",1,"KAYNVTQAF","SARS-CoV-2",0.75,3e-05
"572","TRBV7-2","CASSLGGDEQYF","TRBJ2-7","INCOV144-AC","COVID-19",1,"VLWAHGFEL","SARS-CoV-2",0.79,8e-05
"573","TRBV7-2","CASSLGGYEQYF","TRBJ2-7","INCOV127-AC","COVID-19",1,"ILHCANFNV","SARS-CoV-2",0.88,0
"574","TRBV7-2","CASSLGGYEQYF","TRBJ2-7","INCOV127-AC","COVID-19",1,"YLNTLTLAV","SARS-CoV-2",0.78,3e-05
"575","TRBV7-2","CASSLGLGSSYEQYF","TRBJ2-7","INCOV061-AC","COVID-19",3,"TLVPQEHYV","SARS-CoV-2",0.7,5e-05
"576","TRBV7-2","CASSLGYEQYF","TRBJ2-7","Healthy_5046BW","normal",1,"FLNGSCGSV","SARS-CoV-2",0.92,5e-05
"577","TRBV7-2","CASSLGYEQYF","TRBJ2-7","Healthy_5046BW","normal",1,"KAYNVTQAF","SARS-CoV-2",0.76,3e-05
"578","TRBV7-2","CASSLLAGGTDTQYF","TRBJ2-3","INCOV051-AC","COVID-19",1,"FLNGSCGSV","SARS-CoV-2",0.94,5e-05
"579","TRBV7-2","CASSLPDISYEQYF","TRBJ2-7","INCOV056-BL","COVID-19",1,"LPPAYTNSF","SARS-CoV-2",0.69,1e-05
"580","TRBV7-2","CASSSGYEQYF","TRBJ2-7","Healthy_Mix_donor1","normal",1,"FLNGSCGSV","SARS-CoV-2",0.89,6e-05
"581","TRBV7-2","CASSSGYEQYF","TRBJ2-7","Healthy_Mix_donor1","normal",1,"KAYNVTQAF","SARS-CoV-2",0.7,4e-05
"582","TRBV7-2","CASSWGLNTEAFF","TRBJ1-1","INCOV126-BL","COVID-19",1,"HLVDFQVTI","SARS-CoV-2",0.76,6e-05
"583","TRBV7-3","CASSFGQNTEAFF","TRBJ1-1","INCOV002-BL","COVID-19",1,"HLVDFQVTI","SARS-CoV-2",0.82,2e-05
"584","TRBV7-3","CASSFGQNTEAFF","TRBJ1-1","INCOV002-BL","COVID-19",1,"FTISVTTEIL","SARS-CoV-2",0.61,6e-05
"585","TRBV7-3","CASSFGTGDYEQYF","TRBJ2-7","Healthy_3126BW","normal",1,"NLNESLIDL","SARS-CoV-2",0.79,2e-05
"586","TRBV7-3","CASSFSGASTDTQYF","TRBJ2-3","INCOV063-AC","COVID-19",1,"FLNGSCGSV","SARS-CoV-2",0.97,2e-05
"587","TRBV7-3","CASSLEVTGELFF","TRBJ2-2","INCOV129-BL","COVID-19",2,"TLIGDCATV","SARS-CoV-2",0.69,0
"588","TRBV7-3","CASSLEVTGELFF","TRBJ2-2","INCOV129-AC","COVID-19",5,"TLIGDCATV","SARS-CoV-2",0.69,0
"589","TRBV7-3","CASSLEVTGELFF","TRBJ2-2","INCOV137-AC","COVID-19",1,"TLIGDCATV","SARS-CoV-2",0.69,0
"590","TRBV7-3","CASSLEVTGELFF","TRBJ2-2","INCOV117-AC","COVID-19",1,"TLIGDCATV","SARS-CoV-2",0.69,0
"591","TRBV7-3","CASSLGSGEQFF","TRBJ2-1","INCOV056-BL","COVID-19",1,"ILHCANFNV","SARS-CoV-2",0.72,9e-05
"592","TRBV7-3","CASSLLAGGYNEQFF","TRBJ2-1","Healthy_5046BW","normal",1,"FADDLNQLTGY","SARS-CoV-2",0.56,1e-04
"593","TRBV7-3","CASSLTVRDRANTGELFF","TRBJ2-2","INCOV088-BL","COVID-19",1,"TLDSKTQSL","SARS-CoV-2",0.97,0
"594","TRBV7-3","CASSLVTGSYNEQFF","TRBJ2-1","INCOV002-BL","COVID-19",1,"TLIGDCATV","SARS-CoV-2",0.6,6e-05
"595","TRBV7-3","CASSSGTGGGNEQFF","TRBJ2-1","INCOV120-BL","COVID-19",1,"KEIDRLNEV","SARS-CoV-2",0.86,0
"596","TRBV7-6","CASSAGTGTYEQYF","TRBJ2-7","INCOV116-AC","COVID-19",1,"NLNESLIDL","SARS-CoV-2",0.73,1e-04
"597","TRBV7-6","CASSDSYEQYF","TRBJ2-7","INCOV122-BL","COVID-19",1,"FLNGSCGSV","SARS-CoV-2",0.87,8e-05
"598","TRBV7-6","CASSFTTGDSYNEQFF","TRBJ2-1","INCOV063-AC","COVID-19",1,"ITEEVGHTDLMAAY","SARS-CoV-2",0.63,9e-05
"599","TRBV7-6","CASSLAGYEQYF","TRBJ2-7","INCOV047-AC","COVID-19",1,"ILHCANFNV","SARS-CoV-2",0.8,3e-05
"600","TRBV7-6","CASSLALTGPYNEQFF","TRBJ2-1","INCOV112-BL","COVID-19",1,"ITEEVGHTDLMAAY","SARS-CoV-2",0.62,9e-05
"601","TRBV7-6","CASSLGGETQYF","TRBJ2-5","INCOV069-BL","COVID-19",31,"KAYNVTQAF","SARS-CoV-2",0.75,3e-05
"602","TRBV7-6","CASSLGGETQYF","TRBJ2-5","INCOV070-AC","COVID-19",11,"KAYNVTQAF","SARS-CoV-2",0.75,3e-05
"603","TRBV7-6","CASSLGGETQYF","TRBJ2-5","INCOV069-AC","COVID-19",15,"KAYNVTQAF","SARS-CoV-2",0.75,3e-05
"604","TRBV7-6","CASSLGGNEQFF","TRBJ2-1","INCOV026-AC","COVID-19",1,"ILHCANFNV","SARS-CoV-2",0.72,9e-05
"605","TRBV7-6","CASSLGGNEQFF","TRBJ2-1","INCOV026-AC","COVID-19",1,"YLDAYNMMI","SARS-CoV-2",0.7,5e-05
"606","TRBV7-6","CASSLGGNEQFF","TRBJ2-1","INCOV026-AC","COVID-19",1,"VLWAHGFEL","SARS-CoV-2",0.8,8e-05
"607","TRBV7-6","CASSLGGNYEQYF","TRBJ2-7","INCOV060-AC","COVID-19",1,"NLNESLIDL","SARS-CoV-2",0.79,2e-05
"608","TRBV7-6","CASSLGTSTEAFF","TRBJ1-1","INCOV030-AC","COVID-19",1,"ITEEVGHTDLMAAY","SARS-CoV-2",0.68,5e-05
"609","TRBV7-6","CASSLGVSYNEQFF","TRBJ2-1","INCOV010-AC","COVID-19",1,"ITEEVGHTDLMAAY","SARS-CoV-2",0.67,6e-05
"610","TRBV7-6","CASSLTGELFF","TRBJ2-2","Healthy_BP0319250","normal",1,"KAYNVTQAF","SARS-CoV-2",0.82,0
"611","TRBV7-6","CASSLTGNTEAFF","TRBJ1-1","INCOV120-BL","COVID-19",1,"ITEEVGHTDLMAAY","SARS-CoV-2",0.62,9e-05
"612","TRBV7-6","CASSLVASGAYNEQFF","TRBJ2-1","INCOV001-BL","COVID-19",1,"ITEEVGHTDLMAAY","SARS-CoV-2",0.75,1e-05
"613","TRBV7-6","CASSPGNEQFF","TRBJ2-1","INCOV082-BL","COVID-19",1,"YFPLQSYGF","SARS-CoV-2",0.65,9e-05
"614","TRBV7-6","CASSSLAFSSYNEQFF","TRBJ2-1","INCOV039-BL","COVID-19",1,"ITEEVGHTDLMAAY","SARS-CoV-2",0.64,8e-05
"615","TRBV7-7","CASSLGLDSYNEQFF","TRBJ2-1","INCOV083-BL","COVID-19",1,"LEPLVDLPI","SARS-CoV-2",0.71,3e-05
"616","TRBV7-8","CASGVSYEQYF","TRBJ2-7","INCOV027-BL","COVID-19",1,"FLNGSCGSV","SARS-CoV-2",0.85,1e-04
"617","TRBV7-8","CASSLDYEQYF","TRBJ2-7","Healthy_BP05191345","normal",1,"KAYNVTQAF","SARS-CoV-2",0.66,7e-05
"618","TRBV7-8","CASSLGDSNTEAFF","TRBJ1-1","INCOV025-BL","COVID-19",1,"LPPAYTNSF","SARS-CoV-2",0.64,4e-05
"619","TRBV7-8","CASSLGDTQYF","TRBJ2-3","INCOV025-AC","COVID-19",1,"KAYNVTQAF","SARS-CoV-2",0.69,5e-05
"620","TRBV7-8","CASSLGLNTEAFF","TRBJ1-1","INCOV083-BL","COVID-19",1,"HLVDFQVTI","SARS-CoV-2",0.87,1e-05
"621","TRBV7-8","CASSLGVAGELFF","TRBJ2-2","INCOV126-AC","COVID-19",1,"TLIGDCATV","SARS-CoV-2",0.58,9e-05
"622","TRBV7-8","CASSLGYEQFF","TRBJ2-1","INCOV083-AC","COVID-19",1,"KAYNVTQAF","SARS-CoV-2",0.84,0
"623","TRBV7-8","CASSLGYEQYF","TRBJ2-7","INCOV079-BL","COVID-19",1,"KAYNVTQAF","SARS-CoV-2",0.95,0
"624","TRBV7-8","CASSLGYEQYF","TRBJ2-7","INCOV079-BL","COVID-19",1,"FLNGSCGSV","SARS-CoV-2",0.92,5e-05
"625","TRBV7-8","CASSPGQGAYEQYF","TRBJ2-7","INCOV033-AC","COVID-19",1,"NLNESLIDL","SARS-CoV-2",0.82,1e-05
"626","TRBV7-8","CASSPSGGAQETQYF","TRBJ2-5","INCOV142-AC","COVID-19",1,"FLPRVFSAV","SARS-CoV-2",0.77,7e-05
"627","TRBV7-8","CASSSGTGSYEQYF","TRBJ2-7","Healthy_3126BW","normal",1,"NLNESLIDL","SARS-CoV-2",0.89,0
"628","TRBV7-8","CASSWGLASTDTQYF","TRBJ2-3","Healthy_2982BW","normal",1,"MPASWVMRI","SARS-CoV-2",0.89,4e-05
"629","TRBV7-9","CASSETGGYEKLFF","TRBJ1-4","INCOV078-AC","COVID-19",1,"NQKLIANQF","SARS-CoV-2",0.72,2e-05
"630","TRBV7-9","CASSFDRAEQYF","TRBJ2-7","INCOV132-AC","COVID-19",1,"KAYNVTQAF","SARS-CoV-2",0.72,3e-05
"631","TRBV7-9","CASSFGLNTEAFF","TRBJ1-1","INCOV026-AC","COVID-19",1,"HLVDFQVTI","SARS-CoV-2",0.86,1e-05
"632","TRBV7-9","CASSFSGDTQYF","TRBJ2-3","INCOV039-AC","COVID-19",1,"LLFNKVTLA","SARS-CoV-2",0.71,2e-05
"633","TRBV7-9","CASSFSYEQYF","TRBJ2-7","INCOV126-AC","COVID-19",1,"FLNGSCGSV","SARS-CoV-2",0.88,8e-05
"634","TRBV7-9","CASSFSYEQYF","TRBJ2-7","INCOV126-BL","COVID-19",4,"FLNGSCGSV","SARS-CoV-2",0.88,8e-05
"635","TRBV7-9","CASSGTGTYEQYF","TRBJ2-7","INCOV033-AC","COVID-19",1,"NLNESLIDL","SARS-CoV-2",0.77,4e-05
"636","TRBV7-9","CASSGTGYEQYF","TRBJ2-7","INCOV083-BL","COVID-19",1,"NLNESLIDL","SARS-CoV-2",0.75,5e-05
"637","TRBV7-9","CASSIDEQYF","TRBJ2-7","INCOV027-AC","COVID-19",3,"LPPAYTNSF","SARS-CoV-2",0.63,6e-05
"638","TRBV7-9","CASSLAGEYEQYF","TRBJ2-7","INCOV117-BL","COVID-19",1,"LEPLVDLPI","SARS-CoV-2",0.81,0
"639","TRBV7-9","CASSLAGEYEQYF","TRBJ2-7","INCOV117-AC","COVID-19",1,"LEPLVDLPI","SARS-CoV-2",0.81,0
"640","TRBV7-9","CASSLALEQYF","TRBJ2-7","INCOV009-AC","COVID-19",1,"RQLLFVVEV","SARS-CoV-2",0.73,1e-04
"641","TRBV7-9","CASSLALEQYF","TRBJ2-7","INCOV009-BL","COVID-19",1,"RQLLFVVEV","SARS-CoV-2",0.73,1e-04
"642","TRBV7-9","CASSLDSSYEQYF","TRBJ2-7","INCOV027-BL","COVID-19",1,"EILDITPCSF","SARS-CoV-2",0.8,9e-05
"643","TRBV7-9","CASSLGAGELFF","TRBJ2-2","INCOV057-BL","COVID-19",1,"TLIGDCATV","SARS-CoV-2",0.81,0
"644","TRBV7-9","CASSLGDLDTEAFF","TRBJ1-1","INCOV132-AC","COVID-19",1,"LPPAYTNSF","SARS-CoV-2",0.67,3e-05
"645","TRBV7-9","CASSLGESYEQYF","TRBJ2-7","INCOV069-BL","COVID-19",1,"TLIGDCATV","SARS-CoV-2",0.61,4e-05
"646","TRBV7-9","CASSLGGGEQYF","TRBJ2-7","INCOV056-BL","COVID-19",1,"ILHCANFNV","SARS-CoV-2",0.82,2e-05
"647","TRBV7-9","CASSLGGSEQYF","TRBJ2-7","INCOV032-AC","COVID-19",1,"ILHCANFNV","SARS-CoV-2",0.73,8e-05
"648","TRBV7-9","CASSLGGSEQYF","TRBJ2-7","INCOV032-AC","COVID-19",1,"VLWAHGFEL","SARS-CoV-2",0.96,0
"649","TRBV7-9","CASSLGQGAINEQFF","TRBJ2-1","Healthy_CL2","normal",1,"KTSVDCTMYI","SARS-CoV-2",0.87,2e-05
"650","TRBV7-9","CASSLGQGAINEQYF","TRBJ2-7","INCOV067-BL","COVID-19",1,"KTSVDCTMYI","SARS-CoV-2",0.87,2e-05
"651","TRBV7-9","CASSLGQGATEAFF","TRBJ1-1","Healthy_2773BW","normal",1,"KTSVDCTMYI","SARS-CoV-2",0.89,2e-05
"652","TRBV7-9","CASSLGQGDSNEAFF","TRBJ1-1","INCOV076-BL","COVID-19",1,"KTSVDCTMYI","SARS-CoV-2",0.76,1e-04
"653","TRBV7-9","CASSLGQGDSNEAFF","TRBJ1-1","INCOV076-AC","COVID-19",6,"KTSVDCTMYI","SARS-CoV-2",0.76,1e-04
"654","TRBV7-9","CASSLGQGFYEQYF","TRBJ2-7","Healthy_5046BW","normal",1,"KTSVDCTMYI","SARS-CoV-2",0.76,1e-04
"655","TRBV7-9","CASSLGQGLTEAFF","TRBJ1-1","INCOV137-AC","COVID-19",1,"KTSVDCTMYI","SARS-CoV-2",0.88,2e-05
"656","TRBV7-9","CASSLGQGSYNEQFF","TRBJ2-1","INCOV113-BL","COVID-19",1,"KTSVDCTMYI","SARS-CoV-2",0.77,1e-04
"657","TRBV7-9","CASSLGQGTYEQYF","TRBJ2-7","INCOV079-AC","COVID-19",1,"NLNESLIDL","SARS-CoV-2",0.74,8e-05
"658","TRBV7-9","CASSLGQGTYEQYF","TRBJ2-7","INCOV079-AC","COVID-19",1,"KTSVDCTMYI","SARS-CoV-2",0.8,7e-05
"659","TRBV7-9","CASSLGQGVSEQYF","TRBJ2-7","INCOV094-BL","COVID-19",1,"KTSVDCTMYI","SARS-CoV-2",0.93,0
"660","TRBV7-9","CASSLGSGAAYEQYF","TRBJ2-7","INCOV016-AC","COVID-19",1,"KTSVDCTMYI","SARS-CoV-2",0.81,7e-05
"661","TRBV7-9","CASSLGSGELFF","TRBJ2-2","INCOV033-AC","COVID-19",1,"ILHCANFNV","SARS-CoV-2",0.71,1e-04
"662","TRBV7-9","CASSLGSGELFF","TRBJ2-2","INCOV033-AC","COVID-19",1,"VLWAHGFEL","SARS-CoV-2",0.85,6e-05
"663","TRBV7-9","CASSLGSGLTEAFF","TRBJ1-1","Healthy_2773BW","normal",1,"KTSVDCTMYI","SARS-CoV-2",0.77,1e-04
"664","TRBV7-9","CASSLGSNTEAFF","TRBJ1-1","INCOV101-AC","COVID-19",1,"HLVDFQVTI","SARS-CoV-2",0.77,5e-05
"665","TRBV7-9","CASSLGTEETQYF","TRBJ2-5","INCOV068-AC","COVID-19",1,"YFPLQSYGF","SARS-CoV-2",0.72,1e-05
"666","TRBV7-9","CASSLGTGELFF","TRBJ2-2","INCOV104-AC","COVID-19",1,"ILHCANFNV","SARS-CoV-2",0.72,9e-05
"667","TRBV7-9","CASSLGVSYEQYF","TRBJ2-7","INCOV100-BL","COVID-19",1,"TLIGDCATV","SARS-CoV-2",0.78,0
"668","TRBV7-9","CASSLGYNEQFF","TRBJ2-1","INCOV080-AC","COVID-19",1,"LPPAYTNSF","SARS-CoV-2",0.7,1e-05
"669","TRBV7-9","CASSLGYSYEQYF","TRBJ2-7","INCOV002-AC","COVID-19",1,"TLIGDCATV","SARS-CoV-2",0.64,2e-05
"670","TRBV7-9","CASSLSGEETQYF","TRBJ2-5","Healthy_1193BW","normal",1,"YFPLQSYGF","SARS-CoV-2",0.72,1e-05
"671","TRBV7-9","CASSPDSSYEQYF","TRBJ2-7","INCOV123-AC","COVID-19",2,"EILDITPCSF","SARS-CoV-2",0.92,0
"672","TRBV7-9","CASSPPGELFF","TRBJ2-2","Healthy_5046BW","normal",1,"YFPLQSYGF","SARS-CoV-2",0.83,0
"673","TRBV7-9","CASSPPTSYEQYF","TRBJ2-7","INCOV063-AC","COVID-19",1,"EILDITPCSF","SARS-CoV-2",0.82,8e-05
"674","TRBV7-9","CASSPRISYEQYF","TRBJ2-7","INCOV042-AC","COVID-19",1,"EILDITPCSF","SARS-CoV-2",0.86,2e-05
"675","TRBV7-9","CASSPSSTYEQYF","TRBJ2-7","INCOV088-BL","COVID-19",1,"EILDITPCSF","SARS-CoV-2",0.84,3e-05
"676","TRBV7-9","CASSPSYNPYEQYF","TRBJ2-7","INCOV028-BL","COVID-19",1,"RQLLFVVEV","SARS-CoV-2",0.85,3e-05
"677","TRBV7-9","CASSSDIEAFF","TRBJ1-1","INCOV048-BL","COVID-19",1,"YLQPRTFLL","SARS-CoV-2",0.99,7e-05
"678","TRBV7-9","CASSSDIEAFF","TRBJ1-1","INCOV026-BL","COVID-19",1,"YLQPRTFLL","SARS-CoV-2",0.99,7e-05
"679","TRBV7-9","CASSSGTGYTEAFF","TRBJ1-1","INCOV124-BL","COVID-19",1,"KTSVDCTMYI","SARS-CoV-2",0.82,5e-05
"680","TRBV7-9","CASSSGTSGSSDTQYF","TRBJ2-3","INCOV063-BL","COVID-19",1,"KTSVDCTMYI","SARS-CoV-2",0.94,0
"681","TRBV7-9","CASSSSDTQYF","TRBJ2-3","INCOV001-AC","COVID-19",1,"LPPAYTNSF","SARS-CoV-2",0.74,0
"682","TRBV7-9","CASSSSDTQYF","TRBJ2-3","INCOV137-BL","COVID-19",1,"LPPAYTNSF","SARS-CoV-2",0.74,0
"683","TRBV7-9","CASSSSGSPYEQYF","TRBJ2-7","INCOV101-BL","COVID-19",1,"ILHCANFNV","SARS-CoV-2",0.8,3e-05
"684","TRBV7-9","CASSTGQGSYEQYF","TRBJ2-7","INCOV045-BL","COVID-19",1,"NLNESLIDL","SARS-CoV-2",0.78,4e-05
"685","TRBV7-9","CASSVDRIQETQYF","TRBJ2-5","INCOV137-AC","COVID-19",2,"RQLLFVVEV","SARS-CoV-2",0.75,1e-04
"686","TRBV7-9","CASSVDRIQETQYF","TRBJ2-5","INCOV137-BL","COVID-19",1,"RQLLFVVEV","SARS-CoV-2",0.75,1e-04
"687","TRBV7-9","CASSWGQGEYNEQFF","TRBJ2-1","INCOV120-BL","COVID-19",1,"KAYNVTQAF","SARS-CoV-2",0.69,5e-05
"688","TRBV9","CASAGAGDSYEQYF","TRBJ2-7","INCOV116-BL","COVID-19",1,"ILHCANFNV","SARS-CoV-2",0.73,8e-05
"689","TRBV9","CASRTDDTGELFF","TRBJ2-2","INCOV097-AC","COVID-19",1,"SEPVLKGVKL","SARS-CoV-2",0.72,6e-05
"690","TRBV9","CASSADDTQYF","TRBJ2-3","INCOV116-BL","COVID-19",1,"RQLLFVVEV","SARS-CoV-2",0.79,3e-05
"691","TRBV9","CASSAGLAGTDTQYF","TRBJ2-3","INCOV104-BL","COVID-19",1,"MPASWVMRI","SARS-CoV-2",1,1e-05
"692","TRBV9","CASSAGQGSYEQYF","TRBJ2-7","INCOV079-AC","COVID-19",1,"NLNESLIDL","SARS-CoV-2",0.87,0
"693","TRBV9","CASSAGTVYGYTF","TRBJ1-2","INCOV045-BL","COVID-19",1,"HTTDPSFLGRY","SARS-CoV-2",0.98,7e-05
"694","TRBV9","CASSANTGELFF","TRBJ2-2","INCOV004-BL","COVID-19",1,"ILHCANFNV","SARS-CoV-2",0.78,4e-05
"695","TRBV9","CASSANTGELFF","TRBJ2-2","INCOV004-AC","COVID-19",2,"ILHCANFNV","SARS-CoV-2",0.78,4e-05
"696","TRBV9","CASSATYEQYF","TRBJ2-7","INCOV083-BL","COVID-19",1,"RQLLFVVEV","SARS-CoV-2",0.84,3e-05
"697","TRBV9","CASSATYEQYF","TRBJ2-7","INCOV083-BL","COVID-19",1,"FLNGSCGSV","SARS-CoV-2",0.96,3e-05
"698","TRBV9","CASSEGASTDTQYF","TRBJ2-3","INCOV023-BL","COVID-19",1,"YLDAYNMMI","SARS-CoV-2",0.69,5e-05
"699","TRBV9","CASSEGGNEQFF","TRBJ2-1","INCOV059-AC","COVID-19",1,"ILHCANFNV","SARS-CoV-2",0.71,1e-04
"700","TRBV9","CASSGGGELFF","TRBJ2-2","INCOV051-BL","COVID-19",1,"RQLLFVVEV","SARS-CoV-2",0.8,3e-05
"701","TRBV9","CASSGGGELFF","TRBJ2-2","INCOV051-BL","COVID-19",1,"VLWAHGFEL","SARS-CoV-2",0.85,6e-05
"702","TRBV9","CASSGGTSYEQYF","TRBJ2-7","INCOV048-BL","COVID-19",1,"FVDGVPFVV","SARS-CoV-2",0.78,6e-05
"703","TRBV9","CASSGGTSYEQYF","TRBJ2-7","INCOV048-BL","COVID-19",1,"NLNESLIDL","SARS-CoV-2",0.75,5e-05
"704","TRBV9","CASSGSGAEQYF","TRBJ2-7","Healthy_1193BW","normal",1,"ILHCANFNV","SARS-CoV-2",0.72,9e-05
"705","TRBV9","CASSGSGNTIYF","TRBJ1-3","Healthy_1053BW","normal",1,"ILHCANFNV","SARS-CoV-2",0.77,6e-05
"706","TRBV9","CASSGTGNEQFF","TRBJ2-1","INCOV088-BL","COVID-19",1,"ILHCANFNV","SARS-CoV-2",0.76,6e-05
"707","TRBV9","CASSGTGVEQYF","TRBJ2-7","INCOV025-BL","COVID-19",1,"ILHCANFNV","SARS-CoV-2",0.71,1e-04
"708","TRBV9","CASSLYSYEQYF","TRBJ2-7","INCOV083-BL","COVID-19",1,"FLNGSCGSV","SARS-CoV-2",0.92,5e-05
"709","TRBV9","CASSPSSSYEQYF","TRBJ2-7","INCOV016-BL","COVID-19",1,"EILDITPCSF","SARS-CoV-2",0.84,3e-05
"710","TRBV9","CASSPTSGSQETQYF","TRBJ2-5","INCOV010-BL","COVID-19",1,"FLPRVFSAV","SARS-CoV-2",0.77,7e-05
"711","TRBV9","CASSTGTAQETQYF","TRBJ2-5","INCOV128-BL","COVID-19",1,"YLDAYNMMI","SARS-CoV-2",0.76,1e-05
"712","TRBV9","CASSTTDTQYF","TRBJ2-3","INCOV082-AC","COVID-19",1,"RQLLFVVEV","SARS-CoV-2",0.97,2e-05
"713","TRBV9","CASSVAGSSYEQYF","TRBJ2-7","INCOV128-AC","COVID-19",8,"ILHCANFNV","SARS-CoV-2",0.8,3e-05
"714","TRBV9","CASSVAGSSYEQYF","TRBJ2-7","INCOV132-AC","COVID-19",1,"ILHCANFNV","SARS-CoV-2",0.8,3e-05
"715","TRBV9","CASSVAGSSYEQYF","TRBJ2-7","INCOV136-AC","COVID-19",1,"ILHCANFNV","SARS-CoV-2",0.8,3e-05
"716","TRBV9","CASSVALSDRMNTGELFF","TRBJ2-2","INCOV077-AC","COVID-19",1,"TLDSKTQSL","SARS-CoV-2",0.82,7e-05
"717","TRBV9","CASSVASGELFF","TRBJ2-2","INCOV083-BL","COVID-19",1,"ILHCANFNV","SARS-CoV-2",0.71,1e-04
"718","TRBV9","CASSVDPNTEAFF","TRBJ1-1","Healthy_7541BW","normal",1,"FLNRFTTTL","SARS-CoV-2",0.62,3e-05
"719","TRBV9","CASSVDTGELFF","TRBJ2-2","INCOV110-BL","COVID-19",1,"ILHCANFNV","SARS-CoV-2",0.75,7e-05
"720","TRBV9","CASSVEGGGETGELFF","TRBJ2-2","Healthy_6130BW","normal",1,"IQYIDIGNY","SARS-CoV-2",0.71,6e-05
"721","TRBV9","CASSVEGNTEAFF","TRBJ1-1","Healthy_Mix_donor1","normal",1,"FVDGVPFVV","SARS-CoV-2",0.75,9e-05
"722","TRBV9","CASSVEGSGGAADTQYF","TRBJ2-3","INCOV066-BL","COVID-19",1,"IQYIDIGNY","SARS-CoV-2",0.72,6e-05
"723","TRBV9","CASSVENTGELFF","TRBJ2-2","INCOV027-BL","COVID-19",1,"YLQPRTFLL","SARS-CoV-2",0.99,7e-05
"724","TRBV9","CASSVENTGELFF","TRBJ2-2","INCOV027-BL","COVID-19",1,"KLWAQCVQL","SARS-CoV-2",0.81,2e-05
"725","TRBV9","CASSVGASTDTQYF","TRBJ2-3","INCOV006-AC","COVID-19",1,"YLDAYNMMI","SARS-CoV-2",0.66,6e-05
"726","TRBV9","CASSVGDEQYF","TRBJ2-7","INCOV069-BL","COVID-19",1,"RQLLFVVEV","SARS-CoV-2",1,0
"727","TRBV9","CASSVGETEQYF","TRBJ2-7","INCOV030-AC","COVID-19",1,"FVDGVPFVV","SARS-CoV-2",0.74,1e-04
"728","TRBV9","CASSVGGDSYEQYF","TRBJ2-7","INCOV051-AC","COVID-19",1,"ILHCANFNV","SARS-CoV-2",0.72,9e-05
"729","TRBV9","CASSVGGDSYEQYF","TRBJ2-7","INCOV051-AC","COVID-19",1,"VLWAHGFEL","SARS-CoV-2",0.85,6e-05
"730","TRBV9","CASSVGGELFF","TRBJ2-2","Healthy_6130BW","normal",1,"RQLLFVVEV","SARS-CoV-2",0.98,2e-05
"731","TRBV9","CASSVGGEQYF","TRBJ2-7","INCOV051-AC","COVID-19",1,"RQLLFVVEV","SARS-CoV-2",1,0
"732","TRBV9","CASSVGGEQYF","TRBJ2-7","INCOV051-BL","COVID-19",2,"RQLLFVVEV","SARS-CoV-2",1,0
"733","TRBV9","CASSVGGGYNEQFF","TRBJ2-1","INCOV135-AC","COVID-19",1,"VLWAHGFEL","SARS-CoV-2",0.92,2e-05
"734","TRBV9","CASSVGGNEQFF","TRBJ2-1","INCOV030-AC","COVID-19",1,"FVDGVPFVV","SARS-CoV-2",0.93,0
"735","TRBV9","CASSVGGNEQFF","TRBJ2-1","INCOV030-AC","COVID-19",1,"RQLLFVVEV","SARS-CoV-2",0.89,3e-05
"736","TRBV9","CASSVGGNEQFF","TRBJ2-1","INCOV030-AC","COVID-19",1,"ILHCANFNV","SARS-CoV-2",0.72,9e-05
"737","TRBV9","CASSVGGNEQYF","TRBJ2-7","INCOV019-BL","COVID-19",1,"RQLLFVVEV","SARS-CoV-2",0.81,3e-05
"738","TRBV9","CASSVGGNTEAFF","TRBJ1-1","Healthy_2982BW","normal",1,"VLWAHGFEL","SARS-CoV-2",0.79,8e-05
"739","TRBV9","CASSVGGNTEAFF","TRBJ1-1","INCOV010-BL","COVID-19",1,"VLWAHGFEL","SARS-CoV-2",0.79,8e-05
"740","TRBV9","CASSVGGSTEAFF","TRBJ1-1","INCOV108-AC","COVID-19",1,"VLWAHGFEL","SARS-CoV-2",0.89,3e-05
"741","TRBV9","CASSVGGTGELFF","TRBJ2-2","INCOV119-AC","COVID-19",1,"FVDGVPFVV","SARS-CoV-2",0.79,1e-05
"742","TRBV9","CASSVGGTGELFF","TRBJ2-2","INCOV031-AC","COVID-19",1,"FVDGVPFVV","SARS-CoV-2",0.79,1e-05
"743","TRBV9","CASSVGNTEAFF","TRBJ1-1","INCOV132-AC","COVID-19",1,"FVDGVPFVV","SARS-CoV-2",0.8,1e-05
"744","TRBV9","CASSVGQGSYEQYF","TRBJ2-7","INCOV019-BL","COVID-19",1,"TPINLVRDL","SARS-CoV-2",0.84,4e-05
"745","TRBV9","CASSVGQGSYEQYF","TRBJ2-7","INCOV019-BL","COVID-19",1,"NLNESLIDL","SARS-CoV-2",0.98,0
"746","TRBV9","CASSVGQGTAYEQYF","TRBJ2-7","INCOV103-AC","COVID-19",1,"NLNESLIDL","SARS-CoV-2",0.76,5e-05
"747","TRBV9","CASSVGQGTAYEQYF","TRBJ2-7","INCOV103-BL","COVID-19",1,"NLNESLIDL","SARS-CoV-2",0.76,5e-05
"748","TRBV9","CASSVGQGTYEQYF","TRBJ2-7","INCOV135-BL","COVID-19",1,"NLNESLIDL","SARS-CoV-2",1,0
"749","TRBV9","CASSVGTGVYEQYF","TRBJ2-7","Healthy_7541BW","normal",1,"NLNESLIDL","SARS-CoV-2",0.77,4e-05
"750","TRBV9","CASSVGTSQDTQYF","TRBJ2-3","INCOV059-BL","COVID-19",1,"YLDAYNMMI","SARS-CoV-2",0.77,1e-05
"751","TRBV9","CASSVNTGELFF","TRBJ2-2","INCOV122-AC","COVID-19",1,"ILHCANFNV","SARS-CoV-2",0.87,0
"752","TRBV9","CASSVSGDSSYEQYF","TRBJ2-7","INCOV071-AC","COVID-19",1,"QECVRGTTVL","SARS-CoV-2",0.73,1e-04
"753","TRBV9","CASSVSGDSYEQYF","TRBJ2-7","Healthy_2982BW","normal",1,"ILHCANFNV","SARS-CoV-2",0.74,7e-05
"754","TRBV9","CASSVTGELFF","TRBJ2-2","INCOV090-BL","COVID-19",1,"RQLLFVVEV","SARS-CoV-2",0.93,3e-05
