count	freq	TRBV_gene	CDR3_beta	TRBJ_gene	nSeqCDR3	total_count	unique_TCRs	unique_CDR3s	patient	type	study
6529	0.06601684546860939	TRBV06-06	CASSFQGYSSTDTQYF	TRBJ02-03	TGTGCCAGCAGTTTCCAGGGGTACTCTAGCACAGATACGCAGTATTTT	98899	584	576	26	HD	IR-Binder
6115	0.06183075663050184	TRBV29-01	CSVEDLRETGELFF	TRBJ02-02	TGCAGCGTTGAAGATTTAAGGGAAACCGGGGAGCTGTTTTTT	98899	584	576	26	HD	IR-Binder
2690	0.027199466122003257	TRBV07-09	CASSSGVGADYEQYF	TRBJ02-07	TGTGCCAGCAGCTCAGGAGTCGGGGCGGACTACGAGCAGTACTTC	98899	584	576	26	HD	IR-Binder
2604	0.026329892112154824	TRBV19	CASFGPEQTQYF	TRBJ02-05	TGTGCCAGCTTCGGACCGGAACAGACCCAGTACTTC	98899	584	576	26	HD	IR-Binder
2411	0.02437840625284381	TRBV06-05	CASSYGDSYGYTF	TRBJ01-02	TGTGCCAGCAGTTACGGGGACAGCTATGGCTACACCTTC	98899	584	576	26	HD	IR-Binder
2402	0.0242874043215806	TRBV19	CASTPRTSGRVEQFF	TRBJ02-01	TGTGCCAGTACCCCGAGGACTAGCGGGAGGGTGGAGCAGTTCTTC	98899	584	576	26	HD	IR-Binder
2311	0.023367273683252608	TRBV05-05	CASSLISTDTQYF	TRBJ02-03	TGTGCCAGCAGCTTGATCAGCACAGATACGCAGTATTTT	98899	584	576	26	HD	IR-Binder
2289	0.023144824517942548	TRBV19	CASSIRTSGVNEQFF	TRBJ02-01	TGTGCCAGTAGTATCAGAACTAGCGGGGTCAATGAGCAGTTCTTC	98899	584	576	26	HD	IR-Binder
2242	0.022669592210234683	TRBV11-01	CASSTAGTAAGGYTF	TRBJ01-02	TGTGCCAGCAGCACAGCCGGGACAGCGGCGGGTGGCTACACCTTC	98899	584	576	26	HD	IR-Binder
1588	0.016056785205108243	TRBV27	CASTSLDSSGANVLTF	TRBJ02-06	TGTGCCAGCACCTCACTTGACAGCTCTGGGGCCAACGTCCTGACTTTC	98899	584	576	26	HD	IR-Binder
1498	0.015146765892476162	TRBV15	CATSQKWGGETQYF	TRBJ02-05	TGTGCCACCAGTCAAAAGTGGGGGGGAGAGACCCAGTACTTC	98899	584	576	26	HD	IR-Binder
1461	0.014772646841727419	TRBV19	CASSISGGDSYNEQFF	TRBJ02-01	TGTGCCAGTAGTATTAGCGGGGGGGACTCCTACAATGAGCAGTTCTTC	98899	584	576	26	HD	IR-Binder
1432	0.014479418396545969	TRBV05-05	CASSLGSTGELFF	TRBJ02-02	TGTGCCAGCAGCTTGGGCAGCACCGGGGAGCTGTTTTTT	98899	584	576	26	HD	IR-Binder
1384	0.013994074763142196	TRBV06-03	CASRPSGGGPDTQYF	TRBJ02-03	TGTGCCAGCAGGCCTTCGGGGGGGGGTCCTGATACGCAGTATTTT	98899	584	576	26	HD	IR-Binder
1295	0.013094166776206027	TRBV06-03	CASSYDSEETQYF	TRBJ02-05	TGTGCCAGCAGTTACGACTCGGAAGAGACCCAGTACTTC	98899	584	576	26	HD	IR-Binder
1240	0.01253804386293087	TRBV19	CASSIMASIPAEQYF	TRBJ02-07	TGTGCCAGTAGTATTATGGCGTCCATCCCTGCCGAGCAGTACTTC	98899	584	576	26	HD	IR-Binder
1237	0.012507709885843134	TRBV06-03	CASSYSREQYF	TRBJ02-07	TGTGCCAGCAGTTACTCGAGGGAGCAGTACTTC	98899	584	576	26	HD	IR-Binder
1216	0.01229537204622898	TRBV19	CASSIGGPNSPLHF	TRBJ01-06	TGTGCCAGTAGTATCGGGGGGCCTAATTCACCCCTCCACTTT	98899	584	576	26	HD	IR-Binder
1207	0.012204370114965774	TRBV06-03	CASSWSDPYNEQFF	TRBJ02-01	TGTGCCAGCAGTTGGTCGGATCCTTACAATGAGCAGTTCTTC	98899	584	576	26	HD	IR-Binder
1162	0.011749360458649731	TRBV05-06	CASSPDRNYGYTF	TRBJ01-02	TGTGCCAGCAGCCCTGACAGAAACTATGGCTACACCTTC	98899	584	576	26	HD	IR-Binder
1131	0.011435909362076462	TRBV05-06	CASSFRSENGYTF	TRBJ01-02	TGTGCCAGCAGCTTTCGGTCAGAGAATGGCTACACCTTC	98899	584	576	26	HD	IR-Binder
1084	0.010960677054368598	TRBV19	CASSYRRESSYEQYF	TRBJ02-07	TGTGCCAGTAGCTACAGGCGGGAGAGCTCCTACGAGCAGTACTTC	98899	584	576	26	HD	IR-Binder
1082	0.010940454402976774	TRBV05-04	CASSLGSGSTDTQYF	TRBJ02-03	TGTGCCAGCAGCTTGGGTTCAGGGAGCACAGATACGCAGTATTTT	98899	584	576	26	HD	IR-Binder
1077	0.010889897774497214	TRBV27	CASSLSSRPESVSPLHF	TRBJ01-06	TGTGCCAGCAGTTTATCGAGCAGGCCAGAGAGTGTTTCACCCCTCCACTTT	98899	584	576	26	HD	IR-Binder
1049	0.010606780655011678	TRBV06-05	CASSSQANGKETQYF	TRBJ02-05	TGTGCCAGCAGTTCCCAGGCGAACGGGAAAGAGACCCAGTACTTC	98899	584	576	26	HD	IR-Binder
980	0.009909099181993751	TRBV27	CASSFRGAGANVLTF	TRBJ02-06	TGTGCCAGCAGTTTCAGGGGAGCTGGGGCCAACGTCCTGACTTTC	98899	584	576	26	HD	IR-Binder
955	0.009656316039595951	TRBV19	CASRMGETNEKLFF	TRBJ01-04	TGTGCCAGTAGAATGGGGGAAACTAATGAAAAACTGTTTTTT	98899	584	576	26	HD	IR-Binder
867	0.008766519378355696	TRBV05-05	CASSFKTYEQYF	TRBJ02-07	TGTGCCAGCAGCTTTAAAACCTACGAGCAGTACTTC	98899	584	576	26	HD	IR-Binder
855	0.008645183470004753	TRBV06-03	CASSSSSPLHF	TRBJ01-06	TGTGCCAGCAGTTCATCTTCACCCCTCCACTTT	98899	584	576	26	HD	IR-Binder
852	0.008614849492917017	TRBV18	CASSPGPNYGYTF	TRBJ01-02	TGTGCCAGCTCACCGGGACCTAACTATGGCTACACCTTC	98899	584	576	26	HD	IR-Binder
824	0.00833173237343148	TRBV05-04	CASSGVVADTQYF	TRBJ02-03	TGTGCCAGCAGCGGGGTTGTCGCAGATACGCAGTATTTT	98899	584	576	26	HD	IR-Binder
815	0.008240730442168272	TRBV27	CASSLQGTVEKLFF	TRBJ01-04	TGTGCCAGCAGTTTACAGGGGACCGTTGAAAAACTGTTTTTT	98899	584	576	26	HD	IR-Binder
805	0.008139617185209155	TRBV15	CATSREEGSGRDEQYF	TRBJ02-07	TGTGCCACCAGCAGAGAGGAGGGTAGCGGGAGGGACGAGCAGTACTTC	98899	584	576	26	HD	IR-Binder
784	0.007927279345595001	TRBV27	CASTASNEQFF	TRBJ02-01	TGTGCCAGCACCGCTAGCAATGAGCAGTTCTTC	98899	584	576	26	HD	IR-Binder
777	0.007856500065723616	TRBV19	CASSPDWSRSPLHF	TRBJ01-06	TGTGCCAGTAGCCCGGACTGGTCAAGGTCACCCCTCCACTTT	98899	584	576	26	HD	IR-Binder
746	0.007543048969150345	TRBV06-03	CASNKRSGRAYEQYF	TRBJ02-07	TGTGCCAGCAATAAACGAAGCGGGAGGGCCTACGAGCAGTACTTC	98899	584	576	26	HD	IR-Binder
720	0.0072801545010566324	TRBV06-01	CASASRGEYEKLFF	TRBJ01-04	TGTGCCAGCGCATCGAGAGGGGAATATGAAAAACTGTTTTTT	98899	584	576	26	HD	IR-Binder
698	0.00705770533574657	TRBV05-06	CASTLPGQQKEQYF	TRBJ02-07	TGTGCCAGCACCTTACCGGGACAGCAAAAAGAGCAGTACTTC	98899	584	576	26	HD	IR-Binder
694	0.0070172600329629214	TRBV06-03	CASSSGTTDTQYF	TRBJ02-03	TGTGCCAGCAGTTCCGGTACCACAGATACGCAGTATTTT	98899	584	576	26	HD	IR-Binder
683	0.0069060354503078895	TRBV06-03	CASSERQDTQYF	TRBJ02-03	TGTGCCAGCAGTGAGCGCCAAGATACGCAGTATTTT	98899	584	576	26	HD	IR-Binder
651	0.006582473028038706	TRBV06-05	CASSARRTQDYGYTF	TRBJ01-02	TGTGCCAGCAGTGCCCGCCGAACGCAGGACTATGGCTACACCTTC	98899	584	576	26	HD	IR-Binder
612	0.006188131325898139	TRBV18	CASSPREDNSPLHF	TRBJ01-06	TGTGCCAGCTCACCCAGGGAAGATAATTCACCCCTCCACTTT	98899	584	576	26	HD	IR-Binder
591	0.005975793486283987	TRBV05-06	CASSWTSGGTVSYNEQFF	TRBJ02-01	TGTGCCAGCAGCTGGACTAGCGGGGGGACTGTCTCCTACAATGAGCAGTTCTTC	98899	584	576	26	HD	IR-Binder
553	0.005591563109839331	TRBV07-06	CASSSWDRGIDSPLHF	TRBJ01-06	TGTGCCAGCAGCTCTTGGGACAGGGGTATTGATTCACCCCTCCACTTT	98899	584	576	26	HD	IR-Binder
500	0.005055662847955995	TRBV07-02	CASSSRTGEGYTF	TRBJ01-02	TGTGCCAGCAGCTCCCGGACAGGGGAGGGCTACACCTTC	98899	584	576	26	HD	IR-Binder
457	0.00462087584303178	TRBV10-03	CATLGTGYYEQYF	TRBJ02-07	TGTGCCACGCTCGGGACAGGCTACTACGAGCAGTACTTC	98899	584	576	26	HD	IR-Binder
433	0.004378204026329892	TRBV07-06	CASTSKSSPLHF	TRBJ01-06	TGTGCCAGCACCTCAAAGAGTTCACCCCTCCACTTT	98899	584	576	26	HD	IR-Binder
430	0.004347870049242157	TRBV06-03	CASSWWTGRQETQYF	TRBJ02-05	TGTGCCAGCAGTTGGTGGACAGGCCGCCAAGAGACCCAGTACTTC	98899	584	576	26	HD	IR-Binder
430	0.004347870049242157	TRBV19	CATDQDPNTGELFF	TRBJ02-02	TGTGCCACGGACCAGGACCCGAACACCGGGGAGCTGTTTTTT	98899	584	576	26	HD	IR-Binder
412	0.00416586618671574	TRBV18	CASSPPVGYEQYF	TRBJ02-07	TGTGCCAGCTCACCACCGGTAGGGTACGAGCAGTACTTC	98899	584	576	26	HD	IR-Binder
397	0.004014196301277061	TRBV06-01	CATRRGLNEQFF	TRBJ02-01	TGTGCCACAAGGCGGGGGCTAAATGAGCAGTTCTTC	98899	584	576	26	HD	IR-Binder
384	0.0038827490672302045	TRBV06-01	CASGGGAANYGYTF	TRBJ01-02	TGTGCCAGCGGGGGGGGGGCAGCTAACTATGGCTACACCTTC	98899	584	576	26	HD	IR-Binder
380	0.003842303764446557	TRBV06-04	CASSERAESNYGYTF	TRBJ01-02	TGTGCCAGCAGTGAGAGGGCAGAATCTAACTATGGCTACACCTTC	98899	584	576	26	HD	IR-Binder
376	0.0038018584616629093	TRBV07-02	CASSLYLAATGELFF	TRBJ02-02	TGTGCCAGCAGCTTATATCTAGCTGCGACCGGGGAGCTGTTTTTT	98899	584	576	26	HD	IR-Binder
365	0.0036906338790078774	TRBV15	CATSRDRQGARGTEAFF	TRBJ01-01	TGTGCCACCAGCAGAGACCGACAGGGGGCGAGAGGCACTGAAGCTTTCTTT	98899	584	576	26	HD	IR-Binder
363	0.0036704112276160533	TRBV24-01	CATSDFTGTGQETQYF	TRBJ02-05	TGTGCCACCAGTGATTTTACCGGGACAGGCCAAGAGACCCAGTACTTC	98899	584	576	26	HD	IR-Binder
336	0.003397405433826429	TRBV06-06	CATAGTGNTIYF	TRBJ01-03	TGTGCCACGGCCGGAACTGGAAACACCATATATTTT	98899	584	576	26	HD	IR-Binder
332	0.0033569601310427808	TRBV06-02	CASSLLMGDQPQHF	TRBJ01-05	TGTGCCAGCAGTCTTCTGATGGGGGATCAGCCCCAGCATTTT	98899	584	576	26	HD	IR-Binder
329	0.003326626153955045	TRBV24-01	CATSDNDRAFQPQHF	TRBJ01-05	TGTGCCACCAGTGATAACGACAGGGCGTTTCAGCCCCAGCATTTT	98899	584	576	26	HD	IR-Binder
324	0.003276069525475485	TRBV07-06	CASSLRPLEGDGYTF	TRBJ01-02	TGTGCCAGCAGCTTACGGCCTTTGGAAGGCGATGGCTACACCTTC	98899	584	576	26	HD	IR-Binder
320	0.003235624222691837	TRBV18	CASSPGIGNQPQHF	TRBJ01-05	TGTGCCAGCTCACCAGGTATTGGCAATCAGCCCCAGCATTTT	98899	584	576	26	HD	IR-Binder
319	0.003225512896995925	TRBV10-03	CAISDGVPSDTEAFF	TRBJ01-01	TGTGCCATCAGTGATGGAGTCCCTTCGGACACTGAAGCTTTCTTT	98899	584	576	26	HD	IR-Binder
310	0.0031345109657327174	TRBV20-01	CSAQPQVTGYTF	TRBJ01-02	TGCAGTGCTCAACCACAGGTGACTGGCTACACCTTC	98899	584	576	26	HD	IR-Binder
303	0.0030637316858613327	TRBV05-04	CASSLGQRTEAFF	TRBJ01-01	TGTGCCAGCAGCTTGGGCCAAAGGACTGAAGCTTTCTTT	98899	584	576	26	HD	IR-Binder
301	0.003043509034469509	TRBV07-02	CASSPSRNEQYF	TRBJ02-07	TGTGCCAGCAGCCCCTCCCGGAACGAGCAGTACTTC	98899	584	576	26	HD	IR-Binder
296	0.002992952405989949	TRBV12-03	CASRKGGTYEQYF	TRBJ02-07	TGTGCCAGCAGAAAGGGAGGGACCTACGAGCAGTACTTC	98899	584	576	26	HD	IR-Binder
295	0.002982841080294037	TRBV27	CASSPTGVSGANVLTF	TRBJ02-06	TGTGCCAGCAGTCCCACGGGGGTCTCTGGGGCCAACGTCCTGACTTTC	98899	584	576	26	HD	IR-Binder
290	0.002932284451814477	TRBV20-01	CSARQGAYNSPLHF	TRBJ01-06	TGCAGTGCTAGACAGGGCGCCTATAATTCACCCCTCCACTTT	98899	584	576	26	HD	IR-Binder
285	0.0028817278233349173	TRBV12-03	CASSWDGNSNQPQHF	TRBJ01-05	TGTGCCAGCAGCTGGGACGGAAATAGCAATCAGCCCCAGCATTTT	98899	584	576	26	HD	IR-Binder
282	0.0028513938462471806	TRBV20-01	CSAREGGGAYNEQFF	TRBJ02-01	TGCAGTGCTAGAGAAGGCGGGGGGGCCTACAATGAGCAGTTCTTC	98899	584	576	26	HD	IR-Binder
279	0.0028210598691594453	TRBV06-03	CASRPGSNQPQHF	TRBJ01-05	TGTGCCAGCAGACCCGGGAGCAATCAGCCCCAGCATTTT	98899	584	576	26	HD	IR-Binder
274	0.002770503240679885	TRBV19	CASRQVGETQYF	TRBJ02-05	TGTGCCAGTAGACAGGTTGGGGAGACCCAGTACTTC	98899	584	576	26	HD	IR-Binder
259	0.002618833355241205	TRBV20-01	CSARGQANEQFF	TRBJ02-01	TGCAGTGCTAGAGGACAAGCCAATGAGCAGTTCTTC	98899	584	576	26	HD	IR-Binder
253	0.002558165401065734	TRBV06-03	CASRSTGGLQENTEAFF	TRBJ01-01	TGTGCCAGCAGGTCTACAGGGGGGCTTCAAGAGAACACTGAAGCTTTCTTT	98899	584	576	26	HD	IR-Binder
240	0.002426718167018878	TRBV13	CASSLGLDPEAFF	TRBJ01-01	TGTGCCAGCAGCTTAGGTCTGGACCCTGAAGCTTTCTTT	98899	584	576	26	HD	IR-Binder
222	0.002244714304492462	TRBV05-01	CASGRGNNYGYTF	TRBJ01-02	TGCGCCAGCGGGCGGGGCAATAACTATGGCTACACCTTC	98899	584	576	26	HD	IR-Binder
219	0.0022143803274047263	TRBV19	CASSIWGEQYF	TRBJ02-07	TGTGCCAGTAGTATATGGGGGGAGCAGTACTTC	98899	584	576	26	HD	IR-Binder
211	0.0021334897218374307	TRBV04-03	CASSQAVAGGLDEQFF	TRBJ02-01	TGCGCCAGCAGCCAAGCGGTAGCGGGGGGTTTAGATGAGCAGTTCTTC	98899	584	576	26	HD	IR-Binder
211	0.0021334897218374307	TRBV24-01	CATRDRGQGNEQFF	TRBJ02-01	TGTGCCACCAGGGACAGGGGGCAAGGCAATGAGCAGTTCTTC	98899	584	576	26	HD	IR-Binder
196	0.0019818198363987503	TRBV07-02	CASSSEETQYF	TRBJ02-05	TGTGCCAGCAGCTCAGAAGAGACCCAGTACTTC	98899	584	576	26	HD	IR-Binder
195	0.001971708510702838	TRBV12-03	CASSSPGSGGKRGTQYF	TRBJ02-05	TGTGCCAGCAGTTCCCCGGGTAGCGGGGGGAAAAGAGGGACCCAGTACTTC	98899	584	576	26	HD	IR-Binder
190	0.0019211518822232784	TRBV20-01	CSARNRLDGELFF	TRBJ02-02	TGCAGTGCTAGAAACAGGTTGGACGGGGAGCTGTTTTTT	98899	584	576	26	HD	IR-Binder
178	0.0017998159738723343	TRBV18	CASSPPSGYEQYF	TRBJ02-07	TGTGCCAGCTCACCACCCAGCGGCTACGAGCAGTACTTC	98899	584	576	26	HD	IR-Binder
175	0.0017694819967845985	TRBV20-01	CSAAASGWYEQYF	TRBJ02-07	TGCAGTGCTGCGGCTAGCGGGTGGTACGAGCAGTACTTC	98899	584	576	26	HD	IR-Binder
170	0.0017189253683050384	TRBV07-02	CASTRATGGTLNYGYTF	TRBJ01-02	TGTGCCAGCACCCGCGCGACAGGGGGGACCCTTAACTATGGCTACACCTTC	98899	584	576	26	HD	IR-Binder
164	0.0016582574141295664	TRBV19	CASSYPQGNQPQHF	TRBJ01-05	TGTGCCAGTAGTTACCCACAGGGGAATCAGCCCCAGCATTTT	98899	584	576	26	HD	IR-Binder
163	0.0016481460884336546	TRBV12-03	CASRRTGVPYEQYF	TRBJ02-07	TGTGCCAGCAGAAGGACAGGGGTCCCCTACGAGCAGTACTTC	98899	584	576	26	HD	IR-Binder
154	0.0015571441571704467	TRBV05-06	CASRGPGELFF	TRBJ02-02	TGTGCCAGCAGGGGCCCCGGGGAGCTGTTTTTT	98899	584	576	26	HD	IR-Binder
152	0.0015369215057786227	TRBV07-09	CASSLDRGGSRDNEQYF	TRBJ02-07	TGTGCCAGCAGCTTAGATCGGGGCGGGTCGAGAGACAACGAGCAGTACTTC	98899	584	576	26	HD	IR-Binder
149	0.0015065875286908866	TRBV07-03	CASSLLKSDRGPYEQYF	TRBJ02-07	TGTGCCAGCAGCTTATTAAAATCGGACAGGGGGCCCTACGAGCAGTACTTC	98899	584	576	26	HD	IR-Binder
146	0.0014762535516031506	TRBV20-01	CSAVGNNEKLFF	TRBJ01-04	TGCAGTGCCGTCGGGAATAATGAAAAACTGTTTTTT	98899	584	576	26	HD	IR-Binder
145	0.0014661422259072386	TRBV09	CASSPWTGGGESYEQYF	TRBJ02-07	TGTGCCAGCAGCCCCTGGACAGGGGGTGGCGAAAGCTACGAGCAGTACTTC	98899	584	576	26	HD	IR-Binder
141	0.0014256969231235908	TRBV07-02	CASSQALGPVSPLHF	TRBJ01-06	TGTGCCAGCAGCCAAGCTCTGGGGCCGGTTTCACCCCTCCACTTT	98899	584	576	26	HD	IR-Binder
133	0.0013448063175562947	TRBV11-02	CASSFSPPDHEQFF	TRBJ02-01	TGTGCCAGCAGCTTCAGCCCACCCGACCATGAGCAGTTCTTC	98899	584	576	26	HD	IR-Binder
128	0.0012942496890767348	TRBV20-01	CSAEGLTGANVLTF	TRBJ02-06	TGCAGTGCTGAAGGGTTGACTGGGGCCAACGTCCTGACTTTC	98899	584	576	26	HD	IR-Binder
127	0.0012841383633808226	TRBV20-01	CSAQGATGNQPQHF	TRBJ01-05	TGCAGTGCTCAGGGGGCGACGGGCAATCAGCCCCAGCATTTT	98899	584	576	26	HD	IR-Binder
125	0.0012639157119889988	TRBV20-01	CSASKTTSGSQETQYF	TRBJ02-05	TGCAGTGCTAGTAAGACGACTAGCGGCTCACAAGAGACCCAGTACTTC	98899	584	576	26	HD	IR-Binder
123	0.001243693060597175	TRBV19	CASSGPRTGDAETQYF	TRBJ02-05	TGTGCCAGTAGTGGCCCCCGGACAGGCGACGCGGAGACCCAGTACTTC	98899	584	576	26	HD	IR-Binder
123	0.001243693060597175	TRBV20-01	CSATTGVGLAGHEQYF	TRBJ02-07	TGCAGTGCTACGACAGGGGTGGGACTAGCGGGGCACGAGCAGTACTTC	98899	584	576	26	HD	IR-Binder
120	0.001213359083509439	TRBV06-02	CASTYVGEGRVRKNTEAFF	TRBJ01-01	TGTGCCAGCACTTATGTTGGGGAAGGGCGGGTCAGGAAGAACACTGAAGCTTTCTTT	98899	584	576	26	HD	IR-Binder
120	0.001213359083509439	TRBV11-02	CASSLEGTGGPSGNIQYF	TRBJ02-04	TGTGCCAGCAGCTTAGAGGGAACGGGAGGGCCCTCGGGAAACATTCAGTACTTC	98899	584	576	26	HD	IR-Binder
119	0.001203247757813527	TRBV11-02	CASSKTSGSTVSYEQYF	TRBJ02-07	TGTGCCAGCAGCAAGACTAGCGGGAGTACGGTTTCCTACGAGCAGTACTTC	98899	584	576	26	HD	IR-Binder
118	0.001193136432117615	TRBV20-01	CSAPQGAYQETQYF	TRBJ02-05	TGCAGTGCTCCACAGGGGGCCTACCAAGAGACCCAGTACTTC	98899	584	576	26	HD	IR-Binder
114	0.0011526911293339669	TRBV11-02	CASSLGWASGMGYEQYF	TRBJ02-07	TGTGCCAGCAGCTTAGGGTGGGCTAGCGGAATGGGCTACGAGCAGTACTTC	98899	584	576	26	HD	IR-Binder
94	0.0009504646154157273	TRBV20-01	CSARDRRSSGNTIYF	TRBJ01-03	TGCAGTGCTAGAGATAGACGGAGCTCTGGAAACACCATATATTTT	98899	584	576	26	HD	IR-Binder
88	0.0008897966612402552	TRBV20-01	CSARGGTGTETYEQYF	TRBJ02-07	TGCAGTGCTAGGGGAGGGACCGGGACGGAAACCTACGAGCAGTACTTC	98899	584	576	26	HD	IR-Binder
79	0.0007987947299770473	TRBV20-01	CSAGRTSGRGYRETQYF	TRBJ02-05	TGCAGTGCCGGCAGGACTAGCGGGAGGGGGTATCGTGAGACCCAGTACTTC	98899	584	576	26	HD	IR-Binder
79	0.0007987947299770473	TRBV05-01	CASSLGQGQPQHF	TRBJ01-05	TGCGCCAGCAGCTTGGGTCAGGGTCAGCCCCAGCATTTT	98899	584	576	26	HD	IR-Binder
78	0.0007886834042811352	TRBV07-03	CASSSLAGGFETQYF	TRBJ02-05	TGTGCCAGCAGCTCACTAGCGGGAGGGTTTGAGACCCAGTACTTC	98899	584	576	26	HD	IR-Binder
78	0.0007886834042811352	TRBV20-01	CSAEEGHTEAFF	TRBJ01-01	TGCAGTGCCGAGGAGGGGCACACTGAAGCTTTCTTT	98899	584	576	26	HD	IR-Binder
75	0.0007583494271933992	TRBV05-01	CASSLEGLAGGYTGELFF	TRBJ02-02	TGCGCCAGCAGCTTGGAGGGACTAGCGGGGGGCTACACCGGGGAGCTGTTTTTT	98899	584	576	26	HD	IR-Binder
75	0.0007583494271933992	TRBV19	CASSPTSGRAEQFF	TRBJ02-01	TGTGCCAGTAGTCCAACTAGCGGGAGGGCCGAGCAGTTCTTC	98899	584	576	26	HD	IR-Binder
71	0.0007179041244097514	TRBV11-02	CASSPYPNADRGGEKLFF	TRBJ01-04	TGTGCCAGCAGCCCATACCCTAATGCCGACAGGGGTGGTGAAAAACTGTTTTTT	98899	584	576	26	HD	IR-Binder
71	0.0007179041244097514	TRBV04-03	CASSQVGAMNTEAFF	TRBJ01-01	TGCGCCAGCAGCCAAGTCGGGGCGATGAACACTGAAGCTTTCTTT	98899	584	576	26	HD	IR-Binder
68	0.0006875701473220154	TRBV05-01	CASSLGTGNSPLHF	TRBJ01-06	TGCGCCAGCAGCCTAGGGACCGGTAATTCACCCCTCCACTTT	98899	584	576	26	HD	IR-Binder
63	0.0006370135188424554	TRBV04-03	CASSQARTAPAEAFF	TRBJ01-01	TGCGCCAGCAGCCAAGCTCGGACGGCCCCCGCTGAAGCTTTCTTT	98899	584	576	26	HD	IR-Binder
63	0.0006370135188424554	TRBV04-01	CASSAQGGAGYEQFF	TRBJ02-01	TGCGCCAGCAGCGCCCAGGGGGGAGCGGGGTATGAGCAGTTCTTC	98899	584	576	26	HD	IR-Binder
61	0.0006167908674506315	TRBV07-03	CASSFQGDYGYTF	TRBJ01-02	TGTGCCAGCAGCTTTCAGGGAGACTATGGCTACACCTTC	98899	584	576	26	HD	IR-Binder
60	0.0006066795417547195	TRBV04-02	CASSQDWTSGSDEQFF	TRBJ02-01	TGTGCCAGCAGCCAAGACTGGACTAGCGGGAGCGATGAGCAGTTCTTC	98899	584	576	26	HD	IR-Binder
57	0.0005763455646669834	TRBV07-02	CASSFEVAQPQHF	TRBJ01-05	TGTGCCAGCAGCTTCGAGGTTGCGCAGCCCCAGCATTTT	98899	584	576	26	HD	IR-Binder
53	0.0005359002618833355	TRBV05-01	CASSEPRGEAFF	TRBJ01-01	TGCGCCAGCAGCGAGCCCCGCGGGGAAGCTTTCTTT	98899	584	576	26	HD	IR-Binder
50	0.0005055662847955996	TRBV28	CASCTFAASETQYF	TRBJ02-05	TGTGCCAGTTGCACCTTCGCGGCTTCGGAGACCCAGTACTTC	98899	584	576	26	HD	IR-Binder
49	0.0004954549590996876	TRBV20-01	CSARGRQGGFYGYTF	TRBJ01-02	TGCAGTGCTAGAGGCCGACAGGGGGGCTTCTATGGCTACACCTTC	98899	584	576	26	HD	IR-Binder
47	0.00047523230770786366	TRBV18	CASSQGQVDSGNTIYF	TRBJ01-03	TGTGCCAGCTCACAGGGACAGGTAGACTCTGGAAACACCATATATTTT	98899	584	576	26	HD	IR-Binder
46	0.00046512098201195165	TRBV09	CASSAGQGNYGYTF	TRBJ01-02	TGTGCCAGCAGCGCGGGACAGGGCAACTATGGCTACACCTTC	98899	584	576	26	HD	IR-Binder
45	0.00045500965631603964	TRBV11-02	CASSLEQGGGPEAFF	TRBJ01-01	TGTGCCAGCAGCTTAGAACAGGGGGGAGGCCCTGAAGCTTTCTTT	98899	584	576	26	HD	IR-Binder
42	0.0004246756792283036	TRBV12-03	CASRTQGTYTEAFF	TRBJ01-01	TGTGCCAGCAGGACACAGGGGACGTACACTGAAGCTTTCTTT	98899	584	576	26	HD	IR-Binder
42	0.0004246756792283036	TRBV07-02	CASSLRAYGYTF	TRBJ01-02	TGTGCCAGCAGCTTACGGGCCTATGGCTACACCTTC	98899	584	576	26	HD	IR-Binder
41	0.0004145643535323917	TRBV04-01	CASSQERGGSGGYTF	TRBJ01-02	TGCGCCAGCAGCCAAGAAAGGGGCGGTAGCGGTGGCTACACCTTC	98899	584	576	26	HD	IR-Binder
40	0.0004044530278364796	TRBV20-01	CSARSGEGQFF	TRBJ02-01	TGCAGTGCTAGGTCCGGGGAGGGGCAGTTCTTC	98899	584	576	26	HD	IR-Binder
38	0.00038423037644465567	TRBV07-02	CASSLVVRVGTEAFF	TRBJ01-01	TGTGCCAGCAGCTTAGTGGTCAGGGTGGGCACTGAAGCTTTCTTT	98899	584	576	26	HD	IR-Binder
36	0.0003640077250528317	TRBV20-01	CSARPSGGYNEQFF	TRBJ02-01	TGCAGTGCTAGGCCTAGCGGGGGGTACAATGAGCAGTTCTTC	98899	584	576	26	HD	IR-Binder
35	0.0003538963993569197	TRBV10-02	CASSGDGMNTEAFF	TRBJ01-01	TGCGCCAGCAGTGGGGACGGTATGAACACTGAAGCTTTCTTT	98899	584	576	26	HD	IR-Binder
34	0.0003437850736610077	TRBV20-01	CSAKRLRGLNTEAFF	TRBJ01-01	TGCAGTGCCAAAAGACTCAGGGGATTGAACACTGAAGCTTTCTTT	98899	584	576	26	HD	IR-Binder
33	0.0003336737479650957	TRBV14	CASSHGQYSDTEAFF	TRBJ01-01	TGTGCCAGCAGCCACGGACAGTACTCAGACACTGAAGCTTTCTTT	98899	584	576	26	HD	IR-Binder
33	0.0003336737479650957	TRBV11-02	CASSLESRASEAFF	TRBJ01-01	TGTGCCAGCAGCTTAGAAAGCAGGGCATCTGAAGCTTTCTTT	98899	584	576	26	HD	IR-Binder
33	0.0003336737479650957	TRBV07-02	CASSPTATSNEQFF	TRBJ02-01	TGTGCCAGCAGCCCAACGGCCACGAGCAATGAGCAGTTCTTC	98899	584	576	26	HD	IR-Binder
29	0.00029322844518144773	TRBV04-03	CASSQVAGQGADEQYF	TRBJ02-07	TGCGCCAGCAGCCAAGTGGCGGGACAGGGGGCGGACGAGCAGTACTTC	98899	584	576	26	HD	IR-Binder
29	0.00029322844518144773	TRBV04-03	CASSQDRRANTEAFF	TRBJ01-01	TGCGCCAGCAGCCAAGATCGGCGGGCGAACACTGAAGCTTTCTTT	98899	584	576	26	HD	IR-Binder
27	0.00027300579378962376	TRBV20-01	CSAAHDSPYEQYF	TRBJ02-07	TGCAGTGCAGCCCACGACAGTCCCTACGAGCAGTACTTC	98899	584	576	26	HD	IR-Binder
26	0.0002628944680937117	TRBV05-01	CASSGGGGRSETQYF	TRBJ02-05	TGCGCCAGCAGCGGAGGCGGGGGGCGGTCAGAGACCCAGTACTTC	98899	584	576	26	HD	IR-Binder
25	0.0002527831423977998	TRBV20-01	CSAPMPGRVDNEQFF	TRBJ02-01	TGCAGTGCTCCAATGCCCGGGAGGGTAGACAATGAGCAGTTCTTC	98899	584	576	26	HD	IR-Binder
23	0.00023256049100597582	TRBV05-08	CASSYWVQPTYEQYF	TRBJ02-07	TGTGCCAGCAGCTATTGGGTCCAGCCTACCTACGAGCAGTACTTC	98899	584	576	26	HD	IR-Binder
23	0.00023256049100597582	TRBV05-05	CASSRWYGTGELFF	TRBJ02-02	TGTGCCAGCAGCCGGTGGTACGGTACCGGGGAGCTGTTTTTT	98899	584	576	26	HD	IR-Binder
22	0.0002224491653100638	TRBV25-01	CASSEWGFRTETYEQYF	TRBJ02-07	TGTGCCAGCAGTGAATGGGGTTTCAGGACAGAAACCTACGAGCAGTACTTC	98899	584	576	26	HD	IR-Binder
22	0.0002224491653100638	TRBV06-05	CASVRTGSLTEAFF	TRBJ01-01	TGTGCCAGCGTGAGGACAGGGTCGCTCACTGAAGCTTTCTTT	98899	584	576	26	HD	IR-Binder
20	0.00020222651391823984	TRBV28	CASSLTAGSTGNTIYF	TRBJ01-03	TGTGCCAGCAGTTTGACGGCCGGATCCACTGGAAACACCATATATTTT	98899	584	576	26	HD	IR-Binder
20	0.00020222651391823984	TRBV07-09	CASSGTSERSPYEQYF	TRBJ02-07	TGTGCCAGCAGCGGAACTTCGGAGCGGTCGCCCTACGAGCAGTACTTC	98899	584	576	26	HD	IR-Binder
20	0.00020222651391823984	TRBV05-01	CASSLQGAANTEAFF	TRBJ01-01	TGCGCCAGCAGCCTGCAAGGGGCTGCGAACACTGAAGCTTTCTTT	98899	584	576	26	HD	IR-Binder
19	0.00019211518822232783	TRBV24-01	CATSDPDRNSGNTIYF	TRBJ01-03	TGTGCCACCAGTGACCCGGACAGGAACTCTGGAAACACCATATATTTT	98899	584	576	26	HD	IR-Binder
18	0.00018200386252641585	TRBV28	CASSLFSGSYEQYF	TRBJ02-07	TGTGCCAGCAGTTTATTTTCTGGCTCCTACGAGCAGTACTTC	98899	584	576	26	HD	IR-Binder
15	0.00015166988543867987	TRBV09	CASSPSVSYEQYF	TRBJ02-07	TGTGCCAGCAGCCCATCGGTATCCTACGAGCAGTACTTC	98899	584	576	26	HD	IR-Binder
14	0.00014155855974276786	TRBV05-05	CASSLGSTDTQYF	TRBJ02-03	TGTGCCAGCAGCTTGGGCAGCACAGATACGCAGTATTTT	98899	584	576	26	HD	IR-Binder
13	0.00013144723404685587	TRBV25-01	CASSFETGALRGGTPLHF	TRBJ01-06	TGTGCCAGCAGTTTCGAGACAGGGGCCCTGCGGGGGGGGACACCCCTCCACTTT	98899	584	576	26	HD	IR-Binder
13	0.00013144723404685587	TRBV07-03	CASSPKPLGGVSYNEQFF	TRBJ02-01	TGTGCCAGCAGCCCAAAACCACTAGGGGGAGTCTCCTACAATGAGCAGTTCTTC	98899	584	576	26	HD	IR-Binder
13	0.00013144723404685587	TRBV06-05	CASSYDRGNNSPLHF	TRBJ01-06	TGTGCCAGCAGTTACGACAGGGGAAATAATTCACCCCTCCACTTT	98899	584	576	26	HD	IR-Binder
13	0.00013144723404685587	TRBV28	CASSLDRGYTEAFF	TRBJ01-01	TGTGCCAGCAGTTTAGACAGGGGATACACTGAAGCTTTCTTT	98899	584	576	26	HD	IR-Binder
13	0.00013144723404685587	TRBV06-01	CASSELGNEKLFF	TRBJ01-04	TGTGCCAGCAGTGAATTAGGGAACGAAAAACTGTTTTTT	98899	584	576	26	HD	IR-Binder
12	0.00012133590835094388	TRBV06-05	CASSYLRTGGSYGYTF	TRBJ01-02	TGTGCCAGCAGTTATTTAAGGACAGGGGGTAGCTATGGCTACACCTTC	98899	584	576	26	HD	IR-Binder
12	0.00012133590835094388	TRBV28	CASSFPSPHSPLHF	TRBJ01-06	TGTGCCAGCAGTTTCCCCTCTCCACACTCACCCCTCCACTTT	98899	584	576	26	HD	IR-Binder
12	0.00012133590835094388	TRBV09	CASSVEARDTQYF	TRBJ02-03	TGTGCCAGCAGCGTAGAGGCTAGAGATACGCAGTATTTT	98899	584	576	26	HD	IR-Binder
12	0.00012133590835094388	TRBV20-01	CVSGQGVVYGYTF	TRBJ01-02	TGCGTATCGGGACAGGGGGTAGTCTATGGCTACACCTTC	98899	584	576	26	HD	IR-Binder
11	0.0001112245826550319	TRBV02	CASSGGGLSNQPQHF	TRBJ01-05	TGTGCCAGCAGTGGGGGGGGATTGAGCAATCAGCCCCAGCATTTT	98899	584	576	26	HD	IR-Binder
9	9.100193126320792e-05	TRBV07-02	CASSSIQVPARTNYGYTF	TRBJ01-02	TGTGCCAGCAGCTCAATCCAGGTTCCCGCCAGGACGAACTATGGCTACACCTTC	98899	584	576	26	HD	IR-Binder
9	9.100193126320792e-05	TRBV19	CASTPRTSGVNEQFF	TRBJ02-01	TGTGCCAGTACCCCGAGGACTAGCGGGGTCAATGAGCAGTTCTTC	98899	584	576	26	HD	IR-Binder
9	9.100193126320792e-05	TRBV02	CASTRLAGRETQYF	TRBJ02-05	TGTGCCAGCACTAGACTAGCGGGGAGAGAGACCCAGTACTTC	98899	584	576	26	HD	IR-Binder
9	9.100193126320792e-05	TRBV05-01	CASSYSGDTDTQYF	TRBJ02-03	TGCGCCAGCAGCTACAGCGGGGACACAGATACGCAGTATTTT	98899	584	576	26	HD	IR-Binder
9	9.100193126320792e-05	TRBV29-01	CSVDLGKGNNEQFF	TRBJ02-01	TGCAGCGTTGATCTAGGGAAGGGTAACAATGAGCAGTTCTTC	98899	584	576	26	HD	IR-Binder
8	8.089060556729594e-05	TRBV19	CASSIRTSGRVEQFF	TRBJ02-01	TGTGCCAGTAGTATCAGAACTAGCGGGAGGGTGGAGCAGTTCTTC	98899	584	576	26	HD	IR-Binder
8	8.089060556729594e-05	TRBV19	CASSISGGVEQFF	TRBJ02-01	TGTGCCAGTAGTATTAGCGGGGGGGTGGAGCAGTTCTTC	98899	584	576	26	HD	IR-Binder
7	7.077927987138393e-05	TRBV19	CASSISGGTVSYNEQFF	TRBJ02-01	TGTGCCAGTAGTATTAGCGGGGGGACTGTCTCCTACAATGAGCAGTTCTTC	98899	584	576	26	HD	IR-Binder
7	7.077927987138393e-05	TRBV11-01	CASSLGQGQPQHF	TRBJ01-05	TGTGCCAGCAGCTTGGGTCAGGGTCAGCCCCAGCATTTT	98899	584	576	26	HD	IR-Binder
6	6.066795417547194e-05	TRBV05-01	CASSTGTANTEAFF	TRBJ01-01	TGCGCCAGCAGCACAGGGACGGCGAACACTGAAGCTTTCTTT	98899	584	576	26	HD	IR-Binder
6	6.066795417547194e-05	TRBV19	CASSISGVNEQFF	TRBJ02-01	TGTGCCAGTAGTATTAGCGGGGTCAATGAGCAGTTCTTC	98899	584	576	26	HD	IR-Binder
5	5.055662847955995e-05	TRBV19	CASSISGGDSYEQYF	TRBJ02-07	TGTGCCAGTAGTATTAGCGGGGGGGACTCCTACGAGCAGTACTTC	98899	584	576	26	HD	IR-Binder
5	5.055662847955995e-05	TRBV09	CASSVGTGSSEQFF	TRBJ02-01	TGTGCCAGCAGCGTGGGGACAGGATCAAGTGAGCAGTTCTTC	98899	584	576	26	HD	IR-Binder
4	4.0445302783647963e-05	TRBV28	CASSPPTGRALYNEQFF	TRBJ02-01	TGTGCCAGCAGCCCCCCCACAGGGAGGGCACTTTACAATGAGCAGTTCTTC	98899	584	576	26	HD	IR-Binder
4	4.0445302783647963e-05	TRBV07-02	CASSLGRGGDEETQYF	TRBJ02-05	TGTGCCAGCAGCTTAGGGCGGGGGGGGGATGAAGAGACCCAGTACTTC	98899	584	576	26	HD	IR-Binder
4	4.0445302783647963e-05	TRBV05-06	CASSQARTAPAEAFF	TRBJ01-01	TGTGCCAGCAGCCAAGCTCGGACGGCCCCCGCTGAAGCTTTCTTT	98899	584	576	26	HD	IR-Binder
4	4.0445302783647963e-05	TRBV12-05	CASGLQLATDEQFF	TRBJ02-01	TGTGCTAGTGGTTTGCAACTAGCTACTGATGAGCAGTTCTTC	98899	584	576	26	HD	IR-Binder
4	4.0445302783647963e-05	TRBV02	CATQEIQGEKLFF	TRBJ01-04	TGTGCCACCCAAGAGATACAGGGTGAAAAACTGTTTTTT	98899	584	576	26	HD	IR-Binder
3	3.033397708773597e-05	TRBV06-04	CASSDVTLGTSGVNEQFF	TRBJ02-01	TGTGCCAGCAGTGACGTAACATTGGGGACTAGCGGGGTCAATGAGCAGTTCTTC	98899	584	576	26	HD	IR-Binder
3	3.033397708773597e-05	TRBV06-06	CASSSQGQGRADTQYF	TRBJ02-03	TGTGCCAGCAGTTCGCAGGGGCAGGGTCGCGCAGATACGCAGTATTTT	98899	584	576	26	HD	IR-Binder
3	3.033397708773597e-05	TRBV11-01	CASSLGQAQRTDTQYF	TRBJ02-03	TGTGCCAGCAGCTTAGGCCAGGCGCAGCGCACAGATACGCAGTATTTT	98899	584	576	26	HD	IR-Binder
3	3.033397708773597e-05	TRBV04-03	CASSQDWTSGSDEQFF	TRBJ02-01	TGCGCCAGCAGCCAAGACTGGACTAGCGGGAGCGATGAGCAGTTCTTC	98899	584	576	26	HD	IR-Binder
3	3.033397708773597e-05	TRBV19	CASSISGGPNSPLHF	TRBJ01-06	TGTGCCAGTAGTATTAGCGGGGGGCCTAATTCACCCCTCCACTTT	98899	584	576	26	HD	IR-Binder
3	3.033397708773597e-05	TRBV06-05	CASSYSSFLGNEQFF	TRBJ02-01	TGTGCCAGCAGTTATTCCAGTTTCTTGGGCAATGAGCAGTTCTTC	98899	584	576	26	HD	IR-Binder
3	3.033397708773597e-05	TRBV05-01	CASSTWGQGNNEQFF	TRBJ02-01	TGCGCCAGCAGCACCTGGGGACAGGGGAACAATGAGCAGTTCTTC	98899	584	576	26	HD	IR-Binder
3	3.033397708773597e-05	TRBV29-01	CSVEDETGSTGELFF	TRBJ02-02	TGCAGCGTTGAAGATGAGACAGGGTCTACCGGGGAGCTGTTTTTT	98899	584	576	26	HD	IR-Binder
3	3.033397708773597e-05	TRBV05-05	CASSLGTGNSPLHF	TRBJ01-06	TGTGCCAGCAGCCTAGGGACCGGTAATTCACCCCTCCACTTT	98899	584	576	26	HD	IR-Binder
3	3.033397708773597e-05	TRBV05-06	CASSLISTGELFF	TRBJ02-02	TGTGCCAGCAGCTTGATCAGCACCGGGGAGCTGTTTTTT	98899	584	576	26	HD	IR-Binder
2	2.0222651391823985e-05	TRBV07-06	CASSSWDRERSVSSGNTIYF	TRBJ01-03	TGTGCCAGCAGCTCTTGGGACAGGGAGCGTTCTGTTAGCTCTGGAAACACCATATATTTT	98899	584	576	26	HD	IR-Binder
2	2.0222651391823985e-05	TRBV19	CASTPRTSGGTVSYNEQFF	TRBJ02-01	TGTGCCAGTACCCCGAGGACTAGCGGGGGGACTGTCTCCTACAATGAGCAGTTCTTC	98899	584	576	26	HD	IR-Binder
2	2.0222651391823985e-05	TRBV15	CATSRAGQPTSGANVLTF	TRBJ02-06	TGTGCCACCAGCAGAGCGGGACAGCCAACCTCTGGGGCCAACGTCCTGACTTTC	98899	584	576	26	HD	IR-Binder
2	2.0222651391823985e-05	TRBV19	CASSIRTSGGDSYNEQFF	TRBJ02-01	TGTGCCAGTAGTATCAGAACTAGCGGGGGGGACTCCTACAATGAGCAGTTCTTC	98899	584	576	26	HD	IR-Binder
2	2.0222651391823985e-05	TRBV11-01	CASSPRSGQAYNEQFF	TRBJ02-01	TGTGCCAGCAGCCCCCGTTCGGGACAGGCATACAATGAGCAGTTCTTC	98899	584	576	26	HD	IR-Binder
2	2.0222651391823985e-05	TRBV05-05	CASSQVAGQGADEQYF	TRBJ02-07	TGTGCCAGCAGCCAAGTGGCGGGACAGGGGGCGGACGAGCAGTACTTC	98899	584	576	26	HD	IR-Binder
2	2.0222651391823985e-05	TRBV19	CASSIGGDSYNEQFF	TRBJ02-01	TGTGCCAGTAGTATCGGGGGGGACTCCTACAATGAGCAGTTCTTC	98899	584	576	26	HD	IR-Binder
2	2.0222651391823985e-05	TRBV06-02	CASTQRGRPYNEQFF	TRBJ02-01	TGTGCCAGCACCCAACGGGGTCGGCCCTACAATGAGCAGTTCTTC	98899	584	576	26	HD	IR-Binder
2	2.0222651391823985e-05	TRBV06-01	CASSEVQGALETQYF	TRBJ02-05	TGTGCCAGCAGTGAAGTGCAGGGGGCGCTGGAGACCCAGTACTTC	98899	584	576	26	HD	IR-Binder
2	2.0222651391823985e-05	TRBV05-05	CASSLQGAANTEAFF	TRBJ01-01	TGTGCCAGCAGCCTGCAAGGGGCTGCGAACACTGAAGCTTTCTTT	98899	584	576	26	HD	IR-Binder
2	2.0222651391823985e-05	TRBV09	CASSVGGGPSETQYF	TRBJ02-05	TGTGCCAGCAGCGTAGGGGGAGGGCCCTCAGAGACCCAGTACTTC	98899	584	576	26	HD	IR-Binder
2	2.0222651391823985e-05	TRBV19	CASSLDREHYGYTF	TRBJ01-02	TGTGCCAGTAGTCTTGACAGGGAACACTATGGCTACACCTTC	98899	584	576	26	HD	IR-Binder
2	2.0222651391823985e-05	TRBV19	CASSPTSGRVEQFF	TRBJ02-01	TGTGCCAGTAGTCCAACTAGCGGGAGGGTGGAGCAGTTCTTC	98899	584	576	26	HD	IR-Binder
2	2.0222651391823985e-05	TRBV19	CASRVQGDTGELFF	TRBJ02-02	TGTGCCAGTAGAGTACAGGGGGACACCGGGGAGCTGTTTTTT	98899	584	576	26	HD	IR-Binder
2	2.0222651391823985e-05	TRBV06-05	CASSYDHGRTEAFF	TRBJ01-01	TGTGCCAGCAGTTACGATCACGGGCGGACTGAAGCTTTCTTT	98899	584	576	26	HD	IR-Binder
2	2.0222651391823985e-05	TRBV05-06	CASSWTSGVNEQFF	TRBJ02-01	TGTGCCAGCAGCTGGACTAGCGGGGTCAATGAGCAGTTCTTC	98899	584	576	26	HD	IR-Binder
2	2.0222651391823985e-05	TRBV06-02	CASRSGGSTDTQYF	TRBJ02-03	TGTGCCAGCAGGTCGGGGGGGAGCACAGATACGCAGTATTTT	98899	584	576	26	HD	IR-Binder
2	2.0222651391823985e-05	TRBV06-05	CASRQPGQGRTQYF	TRBJ02-05	TGTGCCAGCAGACAACCGGGACAGGGAAGGACCCAGTACTTC	98899	584	576	26	HD	IR-Binder
2	2.0222651391823985e-05	TRBV05-01	CASSLEGLAGGYTF	TRBJ01-02	TGCGCCAGCAGCTTGGAGGGACTAGCGGGGGGCTACACCTTC	98899	584	576	26	HD	IR-Binder
2	2.0222651391823985e-05	TRBV20-01	CSAPQGAYNSPLHF	TRBJ01-06	TGCAGTGCTCCACAGGGGGCCTATAATTCACCCCTCCACTTT	98899	584	576	26	HD	IR-Binder
2	2.0222651391823985e-05	TRBV20-01	CSARPGPRPYEQYF	TRBJ02-07	TGCAGTGCTAGGCCGGGACCTCGTCCCTACGAGCAGTACTTC	98899	584	576	26	HD	IR-Binder
2	2.0222651391823985e-05	TRBV29-01	CSVESPGTGYGYTF	TRBJ01-02	TGCAGCGTTGAAAGTCCAGGGACAGGGTATGGCTACACCTTC	98899	584	576	26	HD	IR-Binder
2	2.0222651391823985e-05	TRBV15	CATSEQVGYEQYF	TRBJ02-07	TGTGCCACCAGCGAGCAGGTCGGATACGAGCAGTACTTC	98899	584	576	26	HD	IR-Binder
2	2.0222651391823985e-05	TRBV11-01	CASRGEWNTEAFF	TRBJ01-01	TGTGCCAGCAGGGGTGAGTGGAACACTGAAGCTTTCTTT	98899	584	576	26	HD	IR-Binder
2	2.0222651391823985e-05	TRBV05-06	CASSFRSETQYF	TRBJ02-05	TGTGCCAGCAGCTTTCGGTCAGAGACCCAGTACTTC	98899	584	576	26	HD	IR-Binder
2	2.0222651391823985e-05	TRBV30	CAWSREVGYTF	TRBJ01-02	TGTGCCTGGAGCCGAGAGGTGGGCTACACCTTC	98899	584	576	26	HD	IR-Binder
2	2.0222651391823985e-05	TRBV27	CASGSNYGYTF	TRBJ01-02	TGTGCCAGCGGATCTAACTATGGCTACACCTTC	98899	584	576	26	HD	IR-Binder
2	2.0222651391823985e-05	TRBV29-01	CSASFETQYF	TRBJ02-05	TGCAGCGCGAGTTTTGAGACCCAGTACTTC	98899	584	576	26	HD	IR-Binder
1	1.0111325695911993e-05	TRBV19	CASSIDLWRQGLSERPDTQYF	TRBJ02-03	TGTGCCAGTAGTATAGATCTATGGAGACAGGGGTTATCAGAACGCCCAGATACGCAGTATTTT	98899	584	576	26	HD	IR-Binder
1	1.0111325695911993e-05	TRBV20-01	CSAAHDSPYEQYFGPEQTQYF	TRBJ02-05	TGCAGTGCAGCCCACGACAGTCCCTACGAGCAGTACTTCGGACCGGAACAGACCCAGTACTTC	98899	584	576	26	HD	IR-Binder
1	1.0111325695911993e-05	TRBV15	CATSREEGSGGDSYNEQFF	TRBJ02-01	TGTGCCACCAGCAGAGAGGAGGGTAGCGGGGGGGACTCCTACAATGAGCAGTTCTTC	98899	584	576	26	HD	IR-Binder
1	1.0111325695911993e-05	TRBV12-03	CASSSPGSGGKRGTYEQYF	TRBJ02-07	TGTGCCAGCAGTTCCCCGGGTAGCGGGGGGAAAAGAGGGACCTACGAGCAGTACTTC	98899	584	576	26	HD	IR-Binder
1	1.0111325695911993e-05	TRBV19	CASTPRTSGSTVSYEQYF	TRBJ02-07	TGTGCCAGTACCCCGAGGACTAGCGGGAGTACGGTTTCCTACGAGCAGTACTTC	98899	584	576	26	HD	IR-Binder
1	1.0111325695911993e-05	TRBV25-01	CASSFESGALRGGTPLHF	TRBJ01-06	TGTGCCAGCAGTTTCGAGTCAGGGGCCCTGCGGGGGGGGACACCCCTCCACTTT	98899	584	576	26	HD	IR-Binder
1	1.0111325695911993e-05	TRBV07-06	CASSSSVPGTGAGNEQFF	TRBJ02-01	TGTGCCAGCAGCTCCTCTGTACCAGGGACAGGGGCGGGCAATGAGCAGTTCTTC	98899	584	576	26	HD	IR-Binder
1	1.0111325695911993e-05	TRBV07-02	CASSRGGTFQSGANVLTF	TRBJ02-06	TGTGCCAGCAGCCGCGGGGGGACATTCCAATCTGGGGCCAACGTCCTGACTTTC	98899	584	576	26	HD	IR-Binder
1	1.0111325695911993e-05	TRBV04-03	CASSQAPATSGGANEQFF	TRBJ02-01	TGCGCCAGCAGCCAAGCCCCCGCGACTAGCGGGGGGGCCAATGAGCAGTTCTTC	98899	584	576	26	HD	IR-Binder
1	1.0111325695911993e-05	TRBV29-01	CSVVLPWLAGGLKETQYF	TRBJ02-05	TGCAGCGTTGTACTCCCTTGGCTAGCGGGGGGGTTAAAAGAGACCCAGTACTTC	98899	584	576	26	HD	IR-Binder
1	1.0111325695911993e-05	TRBV07-02	CASTRATGGSLNYGYTF	TRBJ01-02	TGTGCTAGCACCCGCGCGACAGGGGGGAGCCTTAACTATGGCTACACCTTC	98899	584	576	26	HD	IR-Binder
1	1.0111325695911993e-05	TRBV19	CASTPRTSGRVDNEQFF	TRBJ02-01	TGTGCCAGTACCCCGAGGACTAGCGGGAGGGTAGACAATGAGCAGTTCTTC	98899	584	576	26	HD	IR-Binder
1	1.0111325695911993e-05	TRBV19	CASSERGGGLGRNEQFF	TRBJ02-01	TGTGCCAGTAGTGAGAGAGGGGGCGGCTTGGGTAGGAATGAGCAGTTCTTC	98899	584	576	26	HD	IR-Binder
1	1.0111325695911993e-05	TRBV18	CASSPASGGSSTYEQYF	TRBJ02-07	TGTGCCAGCTCACCTGCTAGCGGGGGGTCTAGTACCTACGAGCAGTACTTC	98899	584	576	26	HD	IR-Binder
1	1.0111325695911993e-05	TRBV07-02	CASSLRSGTGYTDTQYF	TRBJ02-03	TGTGCCAGCAGCTTACGCTCCGGGACTGGATACACAGATACGCAGTATTTT	98899	584	576	26	HD	IR-Binder
1	1.0111325695911993e-05	TRBV07-02	CASSLAYRGPGNTEAFF	TRBJ01-01	TGTGCCAGCAGCTTAGCGTATAGGGGGCCGGGGAACACTGAAGCTTTCTTT	98899	584	576	26	HD	IR-Binder
1	1.0111325695911993e-05	TRBV05-06	CASSWTSGGDSYNEQFF	TRBJ02-01	TGTGCCAGCAGCTGGACTAGCGGGGGGGACTCCTACAATGAGCAGTTCTTC	98899	584	576	26	HD	IR-Binder
1	1.0111325695911993e-05	TRBV05-05	CASSWTSGSTVSYEQYF	TRBJ02-07	TGTGCCAGCAGCTGGACTAGCGGGAGTACGGTTTCCTACGAGCAGTACTTC	98899	584	576	26	HD	IR-Binder
1	1.0111325695911993e-05	TRBV06-05	CASRLTHQTVRVSPLHF	TRBJ01-06	TGTGCCAGCAGACTCACACACCAAACCGTACGGGTTTCACCCCTCCACTTT	98899	584	576	26	HD	IR-Binder
1	1.0111325695911993e-05	TRBV05-06	CASSSLLSAVGTGELFF	TRBJ02-02	TGCGCCAGCAGCTCTCTCCTGAGTGCAGTGGGCACCGGGGAGCTGTTTTTT	98899	584	576	26	HD	IR-Binder
1	1.0111325695911993e-05	TRBV15	CATSRDNRRVKETQYF	TRBJ02-05	TGTGCCACCAGCAGAGATAATCGGCGGGTGAAGGAGACCCAGTACTTC	98899	584	576	26	HD	IR-Binder
1	1.0111325695911993e-05	TRBV19	CASTPRTSGRAYEQYF	TRBJ02-07	TGTGCCAGTACCCCGAGGACTAGCGGGAGGGCCTACGAGCAGTACTTC	98899	584	576	26	HD	IR-Binder
1	1.0111325695911993e-05	TRBV19	CASTRISTGEGSPLHF	TRBJ01-06	TGTGCCAGTACAAGGATTTCTACAGGGGAAGGATCACCCCTCCACTTT	98899	584	576	26	HD	IR-Binder
1	1.0111325695911993e-05	TRBV19	CASSSIGQGRDNEQFF	TRBJ02-01	TGTGCCAGTAGTTCCATCGGACAGGGGAGGGACAATGAGCAGTTCTTC	98899	584	576	26	HD	IR-Binder
1	1.0111325695911993e-05	TRBV19	CASSLQAGSYNSPLHF	TRBJ01-06	TGTGCCAGTAGCCTCCAGGCAGGGTCCTATAATTCACCCCTCCACTTT	98899	584	576	26	HD	IR-Binder
1	1.0111325695911993e-05	TRBV19	CASRGAVGGSNQPQHF	TRBJ01-05	TGTGCCAGTAGGGGGGCCGTGGGGGGCAGCAATCAGCCCCAGCATTTT	98899	584	576	26	HD	IR-Binder
1	1.0111325695911993e-05	TRBV18	CASSLDRGQAYNEQFF	TRBJ02-01	TGTGCCAGCTCACTCGACAGGGGGCAGGCCTACAATGAGCAGTTCTTC	98899	584	576	26	HD	IR-Binder
1	1.0111325695911993e-05	TRBV07-03	CASSFALSPGGNEQFF	TRBJ02-01	TGTGCCAGCAGTTTCGCCCTTTCCCCGGGGGGTAATGAGCAGTTCTTC	98899	584	576	26	HD	IR-Binder
1	1.0111325695911993e-05	TRBV06-06	CASSLGALTGQETQYF	TRBJ02-05	TGTGCCAGCAGTTTAGGGGCCCTTACCGGGCAAGAGACCCAGTACTTC	98899	584	576	26	HD	IR-Binder
1	1.0111325695911993e-05	TRBV12-03	CASSLGTGGSEETQYF	TRBJ02-05	TGTGCCAGCAGTTTAGGGACAGGGGGTTCGGAAGAGACCCAGTACTTC	98899	584	576	26	HD	IR-Binder
1	1.0111325695911993e-05	TRBV27	CASSLEGSMNFYGYTF	TRBJ01-02	TGTGCCAGCAGTTTAGAAGGCAGTATGAACTTCTATGGCTACACCTTC	98899	584	576	26	HD	IR-Binder
1	1.0111325695911993e-05	TRBV27	CASSSFWDSANSPLHF	TRBJ01-06	TGTGCCAGCAGTTCATTTTGGGACAGCGCTAATTCACCCCTCCACTTT	98899	584	576	26	HD	IR-Binder
1	1.0111325695911993e-05	TRBV06-05	CASSYLRTGGSYGYTF	TRBJ01-02	TGTGCCAGCAGTTATTTAAGGACAGGAGGTAGCTATGGCTACACCTTC	98899	584	576	26	HD	IR-Binder
1	1.0111325695911993e-05	TRBV06-05	CASSPGTVTSGNTIYF	TRBJ01-03	TGTGCCAGCAGTCCTGGGACCGTCACTTCTGGAAACACCATATATTTT	98899	584	576	26	HD	IR-Binder
1	1.0111325695911993e-05	TRBV27	CASSPTGVSGANALTF	TRBJ02-06	TGTGCCAGCAGTCCCACGGGGGTCTCTGGGGCCAACGCCTTGACTTTC	98899	584	576	26	HD	IR-Binder
1	1.0111325695911993e-05	TRBV06-01	CASSDVLRVEQETQYF	TRBJ02-05	TGTGCCAGCAGTGATGTTCTGAGGGTAGAACAAGAGACCCAGTACTTC	98899	584	576	26	HD	IR-Binder
1	1.0111325695911993e-05	TRBV05-05	CASSLPPSRDATEAFF	TRBJ01-01	TGTGCCAGCAGCTTGCCGCCCAGTCGAGACGCTACTGAAGCTTTCTTT	98899	584	576	26	HD	IR-Binder
1	1.0111325695911993e-05	TRBV05-01	CASSLAPPGSYNEQFF	TRBJ02-01	TGTGCCAGCAGCTTGGCCCCCCCGGGTTCCTACAATGAGCAGTTCTTC	98899	584	576	26	HD	IR-Binder
1	1.0111325695911993e-05	TRBV07-09	CASSLIGISSYNEQFF	TRBJ02-01	TGTGCCAGCAGCTTAATTGGGATTAGCTCCTACAATGAGCAGTTCTTC	98899	584	576	26	HD	IR-Binder
1	1.0111325695911993e-05	TRBV06-01	CASSSSGTSGAETQYF	TRBJ02-05	TGTGCCAGCAGCTCCTCCGGGACTAGCGGGGCAGAGACCCAGTACTTC	98899	584	576	26	HD	IR-Binder
1	1.0111325695911993e-05	TRBV05-05	CASSWTSGGAHNEQFF	TRBJ02-01	TGTGCCAGCAGCTGGACTAGCGGGGGGGCCCACAATGAGCAGTTCTTC	98899	584	576	26	HD	IR-Binder
1	1.0111325695911993e-05	TRBV04-02	CASSWRGNTGANVLTF	TRBJ02-06	TGTGCCAGCAGCTGGAGGGGAAACACTGGGGCCAACGTCCTGACTTTC	98899	584	576	26	HD	IR-Binder
1	1.0111325695911993e-05	TRBV04-02	CASSQDWTSGVNEQFF	TRBJ02-01	TGTGCCAGCAGCCAAGACTGGACTAGCGGGGTCAATGAGCAGTTCTTC	98899	584	576	26	HD	IR-Binder
1	1.0111325695911993e-05	TRBV09	CASSGRAGEVAGELFF	TRBJ02-02	TGTGCCAGCAGCGGAAGGGCGGGAGAGGTTGCCGGGGAGCTGTTTTTT	98899	584	576	26	HD	IR-Binder
1	1.0111325695911993e-05	TRBV05-05	CASNPTGTGGEKTQYF	TRBJ02-05	TGTGCCAGCAACCCGACCGGGACAGGGGGCGAGAAGACCCAGTACTTC	98899	584	576	26	HD	IR-Binder
1	1.0111325695911993e-05	TRBV06-05	CARTGESSSYNSPLHF	TRBJ01-06	TGTGCCAGGACAGGTGAATCCTCGTCCTATAATTCACCCCTCCACTTT	98899	584	576	26	HD	IR-Binder
1	1.0111325695911993e-05	TRBV04-03	CASSQAPQVNTGELFF	TRBJ02-02	TGCGCCAGCAGCCAAGCCCCCCAGGTTAACACCGGGGAGCTGTTTTTT	98899	584	576	26	HD	IR-Binder
1	1.0111325695911993e-05	TRBV20-01	CSADHTSGGAYNEQFF	TRBJ02-01	TGCAGTGCTGACCACACTAGCGGGGGGGCCTACAATGAGCAGTTCTTC	98899	584	576	26	HD	IR-Binder
1	1.0111325695911993e-05	TRBV20-01	CSARRGTGTETYEQYF	TRBJ02-07	TGCAGTGCTAGGAGAGGAACCGGGACGGAAACCTACGAGCAGTACTTC	98899	584	576	26	HD	IR-Binder
1	1.0111325695911993e-05	TRBV20-01	CSARVGRLSSGNTIYF	TRBJ01-03	TGCAGTGCTAGAGTAGGGAGATTAAGCAGTGGAAACACCATATATTTT	98899	584	576	26	HD	IR-Binder
1	1.0111325695911993e-05	TRBV20-01	CSAREGGGDSYNEQFF	TRBJ02-01	TGCAGTGCTAGAGAAGGCGGGGGGGACTCCTACAATGAGCAGTTCTTC	98899	584	576	26	HD	IR-Binder
1	1.0111325695911993e-05	TRBV30	CAWTLLRGMNTEAFF	TRBJ01-01	TGTGCCTGGACCCTCCTCCGAGGGATGAACACTGAAGCTTTCTTT	98899	584	576	26	HD	IR-Binder
1	1.0111325695911993e-05	TRBV30	CAWSHRVPGRLHLRF	TRBJ02-06	TGTGCCTGGAGTCATAGAGTCCCGGGGAGGCTACACCTTCGGTTC	98899	584	576	26	HD	IR-Binder
1	1.0111325695911993e-05	TRBV15	CATALSGYSYNEQFF	TRBJ02-01	TGTGCCACCGCCCTTAGCGGATATTCCTACAATGAGCAGTTCTTC	98899	584	576	26	HD	IR-Binder
1	1.0111325695911993e-05	TRBV15	CATSPQGPSNTEAFF	TRBJ01-01	TGTGCCACCAGCCCCCAGGGGCCCTCGAACACTGAAGCTTTCTTT	98899	584	576	26	HD	IR-Binder
1	1.0111325695911993e-05	TRBV19	CASTPRTSGRDEQYF	TRBJ02-07	TGTGCCAGTACCCCGAGGACTAGCGGGAGGGACGAGCAGTACTTC	98899	584	576	26	HD	IR-Binder
1	1.0111325695911993e-05	TRBV19	CASSPSGETNQPQHF	TRBJ01-05	TGTGCCAGTAGTCCCTCAGGGGAAACCAATCAGCCCCAGCATTTT	98899	584	576	26	HD	IR-Binder
1	1.0111325695911993e-05	TRBV19	CASSISGGKRGTQYF	TRBJ02-05	TGTGCCAGTAGTATTAGCGGGGGGAAAAGAGGGACCCAGTACTTC	98899	584	576	26	HD	IR-Binder
1	1.0111325695911993e-05	TRBV19	CASSIRTSGRAEQFF	TRBJ02-01	TGTGCCAGTAGTATCAGAACTAGCGGGAGGGCCGAGCAGTTCTTC	98899	584	576	26	HD	IR-Binder
1	1.0111325695911993e-05	TRBV19	CASSIWGESSYEQYF	TRBJ02-07	TGTGCCAGTAGTATATGGGGGGAGAGCTCCTACGAGCAGTACTTC	98899	584	576	26	HD	IR-Binder
1	1.0111325695911993e-05	TRBV19	CASSIGGLGVNEQFF	TRBJ02-01	TGTGCCAGTAGTATAGGGGGATTAGGGGTCAATGAGCAGTTCTTC	98899	584	576	26	HD	IR-Binder
1	1.0111325695911993e-05	TRBV19	CASSIESKGPYGYTF	TRBJ01-02	TGTGCCAGTAGTATAGAGTCCAAGGGGCCTTATGGCTACACCTTC	98899	584	576	26	HD	IR-Binder
1	1.0111325695911993e-05	TRBV19	CASSIERGRRQPQHF	TRBJ01-05	TGTGCCAGTAGTATAGAAAGGGGGCGACGACAGCCCCAGCATTTT	98899	584	576	26	HD	IR-Binder
1	1.0111325695911993e-05	TRBV19	CASSIRSGQSYEQYF	TRBJ02-07	TGTGCCAGTAGTATAAGGTCAGGGCAATCCTACGAGCAGTACTTC	98899	584	576	26	HD	IR-Binder
1	1.0111325695911993e-05	TRBV19	CASSKTADPYNEQFF	TRBJ02-01	TGTGCCAGTAGTAAAACAGCGGACCCCTACAATGAGCAGTTCTTC	98899	584	576	26	HD	IR-Binder
1	1.0111325695911993e-05	TRBV19	CASSSAGQPRAEAFF	TRBJ01-01	TGTGCCAGTAGCTCCGCAGGGCAGCCTCGGGCTGAAGCTTTCTTT	98899	584	576	26	HD	IR-Binder
1	1.0111325695911993e-05	TRBV18	CASSPGRENTGELFF	TRBJ02-02	TGTGCCAGCTCCCCTGGAAGGGAAAACACCGGGGAGCTGTTTTTT	98899	584	576	26	HD	IR-Binder
1	1.0111325695911993e-05	TRBV06-06	CASQAGLASTDTQYF	TRBJ02-03	TGTGCCAGCCAGGCGGGACTAGCGTCCACAGATACGCAGTATTTT	98899	584	576	26	HD	IR-Binder
1	1.0111325695911993e-05	TRBV12-03	CASIKVGGPSYEQYF	TRBJ02-07	TGTGCCAGCATCAAGGTAGGGGGGCCCTCCTACGAGCAGTACTTC	98899	584	576	26	HD	IR-Binder
1	1.0111325695911993e-05	TRBV06-05	CASTTPRGGDYGYTF	TRBJ01-02	TGTGCCAGCACCACTCCCAGGGGGGGTGACTATGGCTACACCTTC	98899	584	576	26	HD	IR-Binder
1	1.0111325695911993e-05	TRBV06-01	CASSFQGYGKETQYF	TRBJ02-05	TGTGCCAGCAGTTTCCAGGGGTACGGGAAAGAGACCCAGTACTTC	98899	584	576	26	HD	IR-Binder
1	1.0111325695911993e-05	TRBV07-09	CASSSSGRLNTEAFF	TRBJ01-01	TGTGCCAGCAGTTCAAGCGGACGGTTGAACACTGAAGCTTTCTTT	98899	584	576	26	HD	IR-Binder
1	1.0111325695911993e-05	TRBV06-06	CASSYSGTRYNEQFF	TRBJ02-01	TGTGCCAGCAGTTATTCCGGGACGCGGTACAATGAGCAGTTCTTC	98899	584	576	26	HD	IR-Binder
1	1.0111325695911993e-05	TRBV06-02	CASSYRQPANYGYTF	TRBJ01-02	TGTGCCAGCAGTTATCGACAGCCGGCGAACTATGGCTACACCTTC	98899	584	576	26	HD	IR-Binder
1	1.0111325695911993e-05	TRBV06-05	CASSYLDARPRGYTF	TRBJ01-02	TGTGCCAGCAGTTACTTAGACGCCCGACCTCGGGGCTACACCTTC	98899	584	576	26	HD	IR-Binder
1	1.0111325695911993e-05	TRBV06-02	CASSYSGLRGGELFF	TRBJ02-02	TGTGCCAGCAGTTACTCGGGACTGCGAGGCGGGGAGCTGTTTTTT	98899	584	576	26	HD	IR-Binder
1	1.0111325695911993e-05	TRBV06-06	CASSYLRDSDYGYTF	TRBJ01-02	TGTGCCAGCAGTTACCTCCGGGACAGTGACTATGGCTACACCTTC	98899	584	576	26	HD	IR-Binder
1	1.0111325695911993e-05	TRBV06-06	CASSYQGGRTDTQYF	TRBJ02-03	TGTGCCAGCAGTTACCAGGGGGGCCGCACAGATACGCAGTATTTT	98899	584	576	26	HD	IR-Binder
1	1.0111325695911993e-05	TRBV27	CASSPHRNTNEKLFF	TRBJ01-04	TGTGCCAGCAGTCCCCACAGGAACACTAATGAAAAACTGTTTTTT	98899	584	576	26	HD	IR-Binder
1	1.0111325695911993e-05	TRBV06-06	CASSPGAVSGNTIYF	TRBJ01-03	TGTGCCAGCAGTCCCGGGGCGGTCTCTGGAAACACCATATATTTT	98899	584	576	26	HD	IR-Binder
1	1.0111325695911993e-05	TRBV12-03	CASSRDRGNTGELFF	TRBJ02-02	TGTGCCAGCAGTCGGGACAGGGGGAACACCGGGGAGCTGTTTTTT	98899	584	576	26	HD	IR-Binder
1	1.0111325695911993e-05	TRBV06-02	CASSQTGVGNQPQHF	TRBJ01-05	TGTGCCAGCAGTCAAACAGGGGTAGGCAATCAGCCCCAGCATTTT	98899	584	576	26	HD	IR-Binder
1	1.0111325695911993e-05	TRBV06-02	CASSAPGRGDNEQFF	TRBJ02-01	TGTGCCAGCAGTGCGCCGGGACGAGGCGACAATGAGCAGTTCTTC	98899	584	576	26	HD	IR-Binder
1	1.0111325695911993e-05	TRBV06-01	CASSEAQGEGQPQHF	TRBJ01-05	TGTGCCAGCAGTGAGGCCCAGGGGGAGGGACAGCCCCAGCATTTT	98899	584	576	26	HD	IR-Binder
1	1.0111325695911993e-05	TRBV28	CASSILAGGRETQYF	TRBJ02-05	TGTGCCAGCAGTATACTAGCGGGGGGGCGGGAGACCCAGTACTTC	98899	584	576	26	HD	IR-Binder
1	1.0111325695911993e-05	TRBV12-04	CASSTGQGTTDTQYF	TRBJ02-03	TGTGCCAGCAGTACGGGACAGGGGACGACAGATACGCAGTATTTT	98899	584	576	26	HD	IR-Binder
1	1.0111325695911993e-05	TRBV07-06	CASSFRTGQTYEQYF	TRBJ02-07	TGTGCCAGCAGCTTTAGGACAGGGCAAACCTACGAGCAGTACTTC	98899	584	576	26	HD	IR-Binder
1	1.0111325695911993e-05	TRBV05-05	CASSLVAGGWNGYTF	TRBJ01-02	TGTGCCAGCAGCTTGGTTGCGGGTGGGTGGAATGGCTACACCTTC	98899	584	576	26	HD	IR-Binder
1	1.0111325695911993e-05	TRBV05-05	CASSLAGGLDYGYTF	TRBJ01-02	TGTGCCAGCAGCTTGGCCGGCGGGCTGGACTATGGCTACACCTTC	98899	584	576	26	HD	IR-Binder
1	1.0111325695911993e-05	TRBV05-05	CASSLAGGGTGELFF	TRBJ02-02	TGTGCCAGCAGCTTGGCAGGGGGCGGGACCGGGGAGCTGTTTTTT	98899	584	576	26	HD	IR-Binder
1	1.0111325695911993e-05	TRBV05-04	CASSLGVGVGETQYF	TRBJ02-05	TGTGCCAGCAGCTTGGGGGTGGGAGTTGGCGAGACCCAGTACTTC	98899	584	576	26	HD	IR-Binder
1	1.0111325695911993e-05	TRBV07-02	CASSLVGGGDQPQHF	TRBJ01-05	TGTGCCAGCAGCTTAGTAGGGGGTGGGGATCAGCCCCAGCATTTT	98899	584	576	26	HD	IR-Binder
1	1.0111325695911993e-05	TRBV13	CASSSLAGARREQYF	TRBJ02-07	TGTGCCAGCAGCTCTCTAGCGGGGGCGAGACGAGAGCAGTACTTC	98899	584	576	26	HD	IR-Binder
1	1.0111325695911993e-05	TRBV06-02	CASSSTGPQTGELFF	TRBJ02-02	TGTGCCAGCAGCTCTACAGGGCCCCAGACCGGGGAGCTGTTTTTT	98899	584	576	26	HD	IR-Binder
1	1.0111325695911993e-05	TRBV07-09	CASSSRTGEGYEQYF	TRBJ02-07	TGTGCCAGCAGCTCCCGGACAGGGGAGGGCTACGAGCAGTACTTC	98899	584	576	26	HD	IR-Binder
1	1.0111325695911993e-05	TRBV05-06	CASSWGGTGSYGYTF	TRBJ01-02	TGTGCCAGCAGCTGGGGAGGGACAGGGAGTTATGGCTACACCTTC	98899	584	576	26	HD	IR-Binder
1	1.0111325695911993e-05	TRBV14	CASSLFTRDRETQYF	TRBJ02-05	TGTGCCAGCAGCCTCTTCACACGGGACCGGGAGACCCAGTACTTC	98899	584	576	26	HD	IR-Binder
1	1.0111325695911993e-05	TRBV05-05	CASSLQGSGANVLTF	TRBJ02-06	TGTGCCAGCAGCCTCCAGGGCTCTGGGGCCAACGTCCTGACTTTC	98899	584	576	26	HD	IR-Binder
1	1.0111325695911993e-05	TRBV06-05	CASSPLTTGTDTQYF	TRBJ02-03	TGTGCCAGCAGCCCTCTCACCACAGGGACAGATACGCAGTATTTT	98899	584	576	26	HD	IR-Binder
1	1.0111325695911993e-05	TRBV11-02	CASSPRTSGTDTQYF	TRBJ02-03	TGTGCCAGCAGCCCCCGGACTAGCGGCACAGATACGCAGTATTTT	98899	584	576	26	HD	IR-Binder
1	1.0111325695911993e-05	TRBV07-06	CASSPGTGTYNEQFF	TRBJ02-01	TGTGCCAGCAGCCCGGGGACTGGAACCTACAATGAGCAGTTCTTC	98899	584	576	26	HD	IR-Binder
1	1.0111325695911993e-05	TRBV05-04	CASSRTGANGSPLHF	TRBJ01-06	TGTGCCAGCAGCCGGACAGGGGCAAACGGTTCACCCCTCCACTTT	98899	584	576	26	HD	IR-Binder
1	1.0111325695911993e-05	TRBV06-01	CASSDGQFSSYEQYF	TRBJ02-07	TGTGCCAGCAGCGACGGACAGTTTAGCTCCTACGAGCAGTACTTC	98899	584	576	26	HD	IR-Binder
1	1.0111325695911993e-05	TRBV02	CASSEDRTTNEKLFF	TRBJ01-04	TGTGCCAGCAGCGAGGACAGGACCACTAATGAAAAACTGTTTTTT	98899	584	576	26	HD	IR-Binder
1	1.0111325695911993e-05	TRBV05-04	CASSTFGQGKDTQYF	TRBJ02-03	TGTGCCAGCAGCACCTTCGGACAGGGGAAAGATACGCAGTATTTT	98899	584	576	26	HD	IR-Binder
1	1.0111325695911993e-05	TRBV06-01	CASRDRGATNEKLFF	TRBJ01-04	TGTGCCAGCAGGGACAGGGGCGCAACTAATGAAAAACTGTTTTTT	98899	584	576	26	HD	IR-Binder
1	1.0111325695911993e-05	TRBV27	CASRIEGLSYNEQFF	TRBJ02-01	TGTGCCAGCAGGATTGAGGGGTTGTCCTACAATGAGCAGTTCTTC	98899	584	576	26	HD	IR-Binder
1	1.0111325695911993e-05	TRBV06-06	CASRSSGDYYYEQYF	TRBJ02-07	TGTGCCAGCAGATCAAGCGGGGACTACTACTACGAGCAGTACTTC	98899	584	576	26	HD	IR-Binder
1	1.0111325695911993e-05	TRBV05-01	CASSLGGGEAYEQYF	TRBJ02-07	TGCGCCAGCAGCTTGGGGGGAGGGGAGGCCTACGAGCAGTACTTC	98899	584	576	26	HD	IR-Binder
1	1.0111325695911993e-05	TRBV20-01	CSAPQGATGNQPQHF	TRBJ01-05	TGCAGTGCTCCACAGGGGGCGACGGGCAATCAGCCCCAGCATTTT	98899	584	576	26	HD	IR-Binder
1	1.0111325695911993e-05	TRBV20-01	CSARDRRTSTDTQYF	TRBJ02-03	TGCAGTGCTAGAGATCGAAGGACTAGCACAGATACGCAGTATTTT	98899	584	576	26	HD	IR-Binder
1	1.0111325695911993e-05	TRBV29-01	CSVFFGIQGLGKLFF	TRBJ01-04	TGCAGCGTTTTTTTCGGAATACAGGGGCTCGGAAAACTGTTTTTT	98899	584	576	26	HD	IR-Binder
1	1.0111325695911993e-05	TRBV29-01	CSVEPPSGGDNEQFF	TRBJ02-01	TGCAGCGTTGAACCGCCTAGCGGGGGGGACAATGAGCAGTTCTTC	98899	584	576	26	HD	IR-Binder
1	1.0111325695911993e-05	TRBV29-01	CSVEDSGRAPDTQYF	TRBJ02-03	TGCAGCGTTGAAGATAGCGGGAGGGCCCCAGATACGCAGTATTTT	98899	584	576	26	HD	IR-Binder
1	1.0111325695911993e-05	TRBV30	CASGGHSAYNEQFF	TRBJ02-01	TGTGCCTCAGGCGGACATAGCGCCTACAATGAGCAGTTCTTC	98899	584	576	26	HD	IR-Binder
1	1.0111325695911993e-05	TRBV30	CAWTGQPTNEKLFF	TRBJ01-04	TGTGCCTGGACCGGACAGCCAACTAATGAAAAACTGTTTTTT	98899	584	576	26	HD	IR-Binder
1	1.0111325695911993e-05	TRBV30	CAWSVSGLGEKLFF	TRBJ01-04	TGTGCCTGGAGTGTCTCAGGGTTAGGCGAAAAACTGTTTTTT	98899	584	576	26	HD	IR-Binder
1	1.0111325695911993e-05	TRBV30	CAWSGRDSEYGYTF	TRBJ01-02	TGTGCCTGGAGTGGCCGGGACAGCGAATATGGCTACACCTTC	98899	584	576	26	HD	IR-Binder
1	1.0111325695911993e-05	TRBV30	CAWSTGQIQETQYF	TRBJ02-05	TGTGCCTGGAGTACAGGACAGATACAAGAGACCCAGTACTTC	98899	584	576	26	HD	IR-Binder
1	1.0111325695911993e-05	TRBV30	CAWSKGANTDTQYF	TRBJ02-03	TGTGCCTGGAGTAAGGGGGCAAACACAGATACGCAGTATTTT	98899	584	576	26	HD	IR-Binder
1	1.0111325695911993e-05	TRBV24-01	CATSATAGVGELFF	TRBJ02-02	TGTGCCACCAGTGCGACCGCAGGGGTCGGGGAGCTGTTTTTT	98899	584	576	26	HD	IR-Binder
1	1.0111325695911993e-05	TRBV10-03	CATLGTVSYNEQFF	TRBJ02-01	TGTGCCACGCTCGGGACTGTCTCCTACAATGAGCAGTTCTTC	98899	584	576	26	HD	IR-Binder
1	1.0111325695911993e-05	TRBV19	CASTVQGRSTEAFF	TRBJ01-01	TGTGCCAGTACCGTACAGGGGAGGAGCACTGAAGCTTTCTTT	98899	584	576	26	HD	IR-Binder
1	1.0111325695911993e-05	TRBV19	CASTVGPGANVLTF	TRBJ02-06	TGTGCCAGTACGGTAGGGCCAGGGGCCAACGTCCTGACTTTC	98899	584	576	26	HD	IR-Binder
1	1.0111325695911993e-05	TRBV19	CASSPTSGVNEQFF	TRBJ02-01	TGTGCCAGTAGTCCAACTAGCGGGGTCAATGAGCAGTTCTTC	98899	584	576	26	HD	IR-Binder
1	1.0111325695911993e-05	TRBV19	CASSIRLTNEKLFF	TRBJ01-04	TGTGCCAGTAGTATTCGATTGACTAATGAAAAACTGTTTTTT	98899	584	576	26	HD	IR-Binder
1	1.0111325695911993e-05	TRBV19	CASSIVSGVETQYF	TRBJ02-05	TGTGCCAGTAGTATAGTAAGCGGGGTTGAGACCCAGTACTTC	98899	584	576	26	HD	IR-Binder
1	1.0111325695911993e-05	TRBV05-06	CASSQGVSNQPQHF	TRBJ01-05	TGTGCCAGTAGCCAAGGGGTCTCCAATCAGCCCCAGCATTTT	98899	584	576	26	HD	IR-Binder
1	1.0111325695911993e-05	TRBV18	CASSLGQGKETQYF	TRBJ02-05	TGTGCCAGCTCACTGGGACAGGGTAAAGAGACCCAGTACTTC	98899	584	576	26	HD	IR-Binder
1	1.0111325695911993e-05	TRBV18	CASSPDNSNEKLFF	TRBJ01-04	TGTGCCAGCTCACCTGACAACTCTAATGAAAAACTGTTTTTT	98899	584	576	26	HD	IR-Binder
1	1.0111325695911993e-05	TRBV18	CASSPPGAQETQYF	TRBJ02-05	TGTGCCAGCTCACCGCCAGGGGCCCAAGAGACCCAGTACTTC	98899	584	576	26	HD	IR-Binder
1	1.0111325695911993e-05	TRBV18	CASSQLGFYNEQFF	TRBJ02-01	TGTGCCAGCTCACAACTGGGATTCTACAATGAGCAGTTCTTC	98899	584	576	26	HD	IR-Binder
1	1.0111325695911993e-05	TRBV12-03	CASLRGALTGELFF	TRBJ02-02	TGTGCCAGCCTGAGGGGGGCCCTCACCGGGGAGCTGTTTTTT	98899	584	576	26	HD	IR-Binder
1	1.0111325695911993e-05	TRBV06-01	CASGGGASRWWAFF	TRBJ01-01	TGTGCCAGCGGGGGGGGGGCGAGCAGGTGGTGGGCTTTCTTT	98899	584	576	26	HD	IR-Binder
1	1.0111325695911993e-05	TRBV27	CASGGQGSSYEQYF	TRBJ02-07	TGTGCCAGCGGAGGACAGGGGAGCTCCTACGAGCAGTACTTC	98899	584	576	26	HD	IR-Binder
1	1.0111325695911993e-05	TRBV06-02	CASIAGGAYYGYTF	TRBJ01-02	TGTGCCAGCATCGCGGGGGGGGCCTATTATGGCTACACCTTC	98899	584	576	26	HD	IR-Binder
1	1.0111325695911993e-05	TRBV07-02	CASTRLSGRETQYF	TRBJ02-05	TGTGCCAGCACTAGACTATCGGGGAGAGAGACCCAGTACTTC	98899	584	576	26	HD	IR-Binder
1	1.0111325695911993e-05	TRBV06-01	CASSFVQGNQPQHF	TRBJ01-05	TGTGCCAGCAGTTTCGTGCAGGGCAATCAGCCCCAGCATTTT	98899	584	576	26	HD	IR-Binder
1	1.0111325695911993e-05	TRBV27	CASSYAGGANVLTF	TRBJ02-06	TGTGCCAGCAGTTACGCGGGCGGGGCCAACGTCCTGACTTTC	98899	584	576	26	HD	IR-Binder
1	1.0111325695911993e-05	TRBV06-08	CASSYGGLNTEAFF	TRBJ01-01	TGTGCCAGCAGTTACGGGGGGCTGAACACTGAAGCTTTCTTT	98899	584	576	26	HD	IR-Binder
1	1.0111325695911993e-05	TRBV27	CASSPWTSTDTQYF	TRBJ02-03	TGTGCCAGCAGTCCCTGGACTAGCACAGATACGCAGTATTTT	98899	584	576	26	HD	IR-Binder
1	1.0111325695911993e-05	TRBV06-02	CASSHRQGSYEQYF	TRBJ02-07	TGTGCCAGCAGTCACCGACAGGGTTCCTACGAGCAGTACTTC	98899	584	576	26	HD	IR-Binder
1	1.0111325695911993e-05	TRBV06-01	CASSEGIHNEKLFF	TRBJ01-04	TGTGCCAGCAGTGAAGGTATCCACAATGAAAAACTGTTTTTT	98899	584	576	26	HD	IR-Binder
1	1.0111325695911993e-05	TRBV05-06	CASSFRQTNTEAFF	TRBJ01-01	TGTGCCAGCAGCTTTAGACAGACGAACACTGAAGCTTTCTTT	98899	584	576	26	HD	IR-Binder
1	1.0111325695911993e-05	TRBV05-06	CASSLAGVTGELFF	TRBJ02-02	TGTGCCAGCAGCTTGGCAGGGGTGACCGGGGAGCTGTTTTTT	98899	584	576	26	HD	IR-Binder
1	1.0111325695911993e-05	TRBV05-05	CASSLDGAPYEQYF	TRBJ02-07	TGTGCCAGCAGCTTGGACGGGGCCCCCTACGAGCAGTACTTC	98899	584	576	26	HD	IR-Binder
1	1.0111325695911993e-05	TRBV07-02	CASSLELRGEKLFF	TRBJ01-04	TGTGCCAGCAGCTTGGAGCTTAGAGGAGAAAAACTGTTTTTT	98899	584	576	26	HD	IR-Binder
1	1.0111325695911993e-05	TRBV07-09	CASSLVSAITTQYF	TRBJ02-05	TGTGCCAGCAGCTTAGTAAGCGCGATCACGACCCAGTACTTC	98899	584	576	26	HD	IR-Binder
1	1.0111325695911993e-05	TRBV11-01	CASSLAKAQETQYF	TRBJ02-05	TGTGCCAGCAGCTTAGCGAAGGCCCAAGAGACCCAGTACTTC	98899	584	576	26	HD	IR-Binder
1	1.0111325695911993e-05	TRBV05-06	CASSLGGQQKEQYF	TRBJ02-07	TGTGCCAGCAGCTTAGGGGGACAGCAAAAAGAGCAGTACTTC	98899	584	576	26	HD	IR-Binder
1	1.0111325695911993e-05	TRBV07-02	CASSLMGLGTEAFF	TRBJ01-01	TGTGCCAGCAGCTTAATGGGGTTGGGCACTGAAGCTTTCTTT	98899	584	576	26	HD	IR-Binder
1	1.0111325695911993e-05	TRBV07-02	CASSSRTAAGGYTF	TRBJ01-02	TGTGCCAGCAGCTCCCGGACAGCGGCGGGTGGCTACACCTTC	98899	584	576	26	HD	IR-Binder
1	1.0111325695911993e-05	TRBV11-01	CASSSSGYRETQYF	TRBJ02-05	TGTGCCAGCAGCTCATCGGGATACAGGGAGACCCAGTACTTC	98899	584	576	26	HD	IR-Binder
1	1.0111325695911993e-05	TRBV05-04	CASSWTSGSDEQFF	TRBJ02-01	TGTGCCAGCAGCTGGACTAGCGGGAGCGATGAGCAGTTCTTC	98899	584	576	26	HD	IR-Binder
1	1.0111325695911993e-05	TRBV05-05	CASSWTSGRVEQYF	TRBJ02-05	TGTGCCAGCAGCTGGACTAGCGGGAGGGTGGAGCAGTACTTC	98899	584	576	26	HD	IR-Binder
1	1.0111325695911993e-05	TRBV06-05	CASSLGQGGETQYF	TRBJ02-05	TGTGCCAGCAGCCTTGGACAGGGAGGGGAGACCCAGTACTTC	98899	584	576	26	HD	IR-Binder
1	1.0111325695911993e-05	TRBV07-02	CASSPSRTGEGYTF	TRBJ01-02	TGTGCCAGCAGCCCCTCCCGGACAGGGGAGGGCTACACCTTC	98899	584	576	26	HD	IR-Binder
1	1.0111325695911993e-05	TRBV05-04	CASSPRGVGETQYF	TRBJ02-05	TGTGCCAGCAGCCCCCGGGGGGTTGGGGAGACCCAGTACTTC	98899	584	576	26	HD	IR-Binder
1	1.0111325695911993e-05	TRBV12-03	CASSPQWLNTEAFF	TRBJ01-01	TGTGCCAGCAGCCCCCAGTGGTTGAACACTGAAGCTTTCTTT	98899	584	576	26	HD	IR-Binder
1	1.0111325695911993e-05	TRBV06-05	CASSPGQGVYEQYF	TRBJ02-07	TGTGCCAGCAGCCCGGGACAGGGGGTCTACGAGCAGTACTTC	98899	584	576	26	HD	IR-Binder
1	1.0111325695911993e-05	TRBV05-06	CASSPTGQGETQYF	TRBJ02-05	TGTGCCAGCAGCCCGACAGGCCAGGGAGAGACCCAGTACTTC	98899	584	576	26	HD	IR-Binder
1	1.0111325695911993e-05	TRBV11-01	CASSPRLGFYEQFF	TRBJ02-01	TGTGCCAGCAGCCCAAGACTAGGATTCTATGAGCAGTTCTTC	98899	584	576	26	HD	IR-Binder
1	1.0111325695911993e-05	TRBV07-09	CASSRGGPQETQYF	TRBJ02-05	TGTGCCAGCAGCCGCGGGGGGCCCCAAGAGACCCAGTACTTC	98899	584	576	26	HD	IR-Binder
1	1.0111325695911993e-05	TRBV06-02	CASSQGQSNQPQHF	TRBJ01-05	TGTGCCAGCAGCCAGGGACAAAGCAATCAGCCCCAGCATTTT	98899	584	576	26	HD	IR-Binder
1	1.0111325695911993e-05	TRBV11-01	CASSGKGPLYEQYF	TRBJ02-07	TGTGCCAGCAGCGGAAAGGGACCGCTCTACGAGCAGTACTTC	98899	584	576	26	HD	IR-Binder
1	1.0111325695911993e-05	TRBV05-04	CASSTDRGRETQYF	TRBJ02-05	TGTGCCAGCAGCACCGACAGGGGGCGAGAGACCCAGTACTTC	98899	584	576	26	HD	IR-Binder
1	1.0111325695911993e-05	TRBV12-03	CASSRTGSNQPQHF	TRBJ01-05	TGTGCCAGCAGCAGGACAGGGAGCAATCAGCCCCAGCATTTT	98899	584	576	26	HD	IR-Binder
1	1.0111325695911993e-05	TRBV11-02	CASSKTSGSDEQFF	TRBJ02-01	TGTGCCAGCAGCAAGACTAGCGGGAGCGATGAGCAGTTCTTC	98899	584	576	26	HD	IR-Binder
1	1.0111325695911993e-05	TRBV06-02	CASNKRSGRDEQYF	TRBJ02-07	TGTGCCAGCAATAAACGAAGCGGGAGGGACGAGCAGTACTTC	98899	584	576	26	HD	IR-Binder
1	1.0111325695911993e-05	TRBV12-03	CASKTGGLNTEAFF	TRBJ01-01	TGTGCCAGCAAAACAGGGGGTTTGAACACTGAAGCTTTCTTT	98899	584	576	26	HD	IR-Binder
1	1.0111325695911993e-05	TRBV05-01	CASSYSEDTDTQYF	TRBJ02-03	TGCGCCAGCAGCTACAGCGAGGACACAGATACGCAGTATTTT	98899	584	576	26	HD	IR-Binder
1	1.0111325695911993e-05	TRBV20-01	CSADHTSGWYEQYF	TRBJ02-07	TGCAGTGCTGACCACACTAGCGGGTGGTACGAGCAGTACTTC	98899	584	576	26	HD	IR-Binder
1	1.0111325695911993e-05	TRBV20-01	CSATGPTINQPQHF	TRBJ01-05	TGCAGTGCTACGGGACCGACCATCAATCAGCCCCAGCATTTT	98899	584	576	26	HD	IR-Binder
1	1.0111325695911993e-05	TRBV20-01	CSAGRTSGRVEQFF	TRBJ02-01	TGCAGTGCCGGCAGGACTAGCGGGAGGGTGGAGCAGTTCTTC	98899	584	576	26	HD	IR-Binder
1	1.0111325695911993e-05	TRBV29-01	CSVVPGGESNGYTF	TRBJ01-02	TGCAGCGTTGTCCCAGGGGGCGAGAGTAACGGCTACACCTTC	98899	584	576	26	HD	IR-Binder
1	1.0111325695911993e-05	TRBV29-01	CSVVRPDAHYGYTF	TRBJ01-02	TGCAGCGTTGTGCGACCGGACGCCCACTATGGCTACACCTTC	98899	584	576	26	HD	IR-Binder
1	1.0111325695911993e-05	TRBV29-01	CSVEEQVANYGYTF	TRBJ01-02	TGCAGCGTTGAAGAGCAGGTCGCTAACTATGGCTACACCTTC	98899	584	576	26	HD	IR-Binder
1	1.0111325695911993e-05	TRBV29-01	CSVAGTGGKETQYF	TRBJ02-05	TGCAGCGTCGCCGGGACAGGGGGTAAAGAGACCCAGTACTTC	98899	584	576	26	HD	IR-Binder
1	1.0111325695911993e-05	TRBV30	CAWDRGTSNEQFF	TRBJ02-01	TGTGCCTGGGACAGGGGGACTAGCAATGAGCAGTTCTTC	98899	584	576	26	HD	IR-Binder
1	1.0111325695911993e-05	TRBV30	CAWSHGQYEKLFF	TRBJ01-04	TGTGCCTGGAGTCACGGACAGTATGAAAAACTGTTTTTT	98899	584	576	26	HD	IR-Binder
1	1.0111325695911993e-05	TRBV30	CAWSVNRGRPLHF	TRBJ01-06	TGTGCCTGGAGTGTTAACAGGGGGAGACCCCTCCACTTT	98899	584	576	26	HD	IR-Binder
1	1.0111325695911993e-05	TRBV30	CAWSVVFDTEAFF	TRBJ01-01	TGTGCCTGGAGTGTAGTCTTCGACACTGAAGCTTTCTTT	98899	584	576	26	HD	IR-Binder
1	1.0111325695911993e-05	TRBV05-03	CAITTGDNEKLFF	TRBJ01-04	TGTGCCATTACGACAGGAGATAATGAAAAACTGTTTTTT	98899	584	576	26	HD	IR-Binder
1	1.0111325695911993e-05	TRBV10-03	CAISEHGNYGYTF	TRBJ01-02	TGTGCCATCAGTGAGCACGGTAACTATGGCTACACCTTC	98899	584	576	26	HD	IR-Binder
1	1.0111325695911993e-05	TRBV15	CATSQKWGETQYF	TRBJ02-05	TGTGCCACCAGTCAAAAGTGGGGAGAGACCCAGTACTTC	98899	584	576	26	HD	IR-Binder
1	1.0111325695911993e-05	TRBV24-01	CATRDRGPYEQYF	TRBJ02-07	TGTGCCACCAGGGACAGGGGGCCCTACGAGCAGTACTTC	98899	584	576	26	HD	IR-Binder
1	1.0111325695911993e-05	TRBV19	CASWTGFAGELFF	TRBJ02-02	TGTGCCAGTTGGACAGGGTTCGCCGGGGAGCTGTTTTTT	98899	584	576	26	HD	IR-Binder
1	1.0111325695911993e-05	TRBV19	CASGGTGTDTQYF	TRBJ02-03	TGTGCCAGTGGGGGGACAGGGACAGATACGCAGTATTTT	98899	584	576	26	HD	IR-Binder
1	1.0111325695911993e-05	TRBV14	CASSFSEGTEAFF	TRBJ01-01	TGTGCCAGTAGTTTCTCGGAGGGCACTGAAGCTTTCTTT	98899	584	576	26	HD	IR-Binder
1	1.0111325695911993e-05	TRBV19	CASSLDTTGELFF	TRBJ02-02	TGTGCCAGTAGTCTGGATACAACCGGGGAGCTGTTTTTT	98899	584	576	26	HD	IR-Binder
1	1.0111325695911993e-05	TRBV19	CASSISGGAEQFF	TRBJ02-01	TGTGCCAGTAGTATTAGCGGGGGGGCCGAGCAGTTCTTC	98899	584	576	26	HD	IR-Binder
1	1.0111325695911993e-05	TRBV19	CASSINRVETQYF	TRBJ02-05	TGTGCCAGTAGTATTAACAGGGTGGAGACCCAGTACTTC	98899	584	576	26	HD	IR-Binder
1	1.0111325695911993e-05	TRBV19	CASSPRAGYEQYF	TRBJ02-07	TGTGCCAGTAGCCCCAGGGCAGGCTACGAGCAGTACTTC	98899	584	576	26	HD	IR-Binder
1	1.0111325695911993e-05	TRBV19	CASSQTNSYEQYF	TRBJ02-07	TGTGCCAGTAGCCAGACAAACTCCTACGAGCAGTACTTC	98899	584	576	26	HD	IR-Binder
1	1.0111325695911993e-05	TRBV19	CASRTSGGAEQYF	TRBJ02-07	TGTGCCAGTAGGACTAGCGGGGGTGCCGAGCAGTACTTC	98899	584	576	26	HD	IR-Binder
1	1.0111325695911993e-05	TRBV06-05	CASRDRVTDTQYF	TRBJ02-03	TGTGCCAGCCGGGACAGGGTGACAGATACGCAGTATTTT	98899	584	576	26	HD	IR-Binder
1	1.0111325695911993e-05	TRBV18	CASVGKLTETQYF	TRBJ02-05	TGTGCCAGCGTCGGGAAACTTACAGAGACCCAGTACTTC	98899	584	576	26	HD	IR-Binder
1	1.0111325695911993e-05	TRBV06-02	CASMRQPKGEQFF	TRBJ02-01	TGTGCCAGCATGAGACAACCGAAGGGTGAGCAGTTCTTC	98899	584	576	26	HD	IR-Binder
1	1.0111325695911993e-05	TRBV06-02	CASTPVGRETEYF	TRBJ02-05	TGTGCCAGCACCCCCGTAGGGCGGGAGACCGAGTACTTC	98899	584	576	26	HD	IR-Binder
1	1.0111325695911993e-05	TRBV05-06	CASTHWGQETQYF	TRBJ02-05	TGTGCCAGCACCCATTGGGGGCAAGAGACCCAGTACTTC	98899	584	576	26	HD	IR-Binder
1	1.0111325695911993e-05	TRBV05-01	CASTENSRETQYF	TRBJ02-05	TGTGCCAGCACCGAAAACTCAAGGGAGACCCAGTACTTC	98899	584	576	26	HD	IR-Binder
1	1.0111325695911993e-05	TRBV06-05	CASSYSMDSPQYF	TRBJ02-05	TGTGCCAGCAGTTACTCTATGGATTCGCCCCAGTACTTC	98899	584	576	26	HD	IR-Binder
1	1.0111325695911993e-05	TRBV06-06	CASSYSIVSEQFF	TRBJ02-01	TGTGCCAGCAGTTACTCGATCGTTAGTGAGCAGTTCTTC	98899	584	576	26	HD	IR-Binder
1	1.0111325695911993e-05	TRBV06-02	CASSYAANYGYTF	TRBJ01-02	TGTGCCAGCAGTTACGCGGCTAACTATGGCTACACCTTC	98899	584	576	26	HD	IR-Binder
1	1.0111325695911993e-05	TRBV12-03	CASSRSEDSPLHF	TRBJ01-06	TGTGCCAGCAGTCGGTCTGAGGATTCACCCCTCCACTTT	98899	584	576	26	HD	IR-Binder
1	1.0111325695911993e-05	TRBV07-06	CASSLQPLDEAFF	TRBJ01-01	TGTGCCAGCAGCTTACAGCCCTTGGACGAAGCTTTCTTT	98899	584	576	26	HD	IR-Binder
1	1.0111325695911993e-05	TRBV07-02	CASSLGTPLEQYF	TRBJ02-07	TGTGCCAGCAGCTTAGGTACCCCCCTCGAGCAGTACTTC	98899	584	576	26	HD	IR-Binder
1	1.0111325695911993e-05	TRBV07-09	CASSLGPNNEQFF	TRBJ02-01	TGTGCCAGCAGCTTAGGACCCAACAATGAGCAGTTCTTC	98899	584	576	26	HD	IR-Binder
1	1.0111325695911993e-05	TRBV06-02	CASSSGAGETQYF	TRBJ02-05	TGTGCCAGCAGCTCGGGGGCTGGGGAGACCCAGTACTTC	98899	584	576	26	HD	IR-Binder
1	1.0111325695911993e-05	TRBV11-01	CASSWFTTDTQYF	TRBJ02-03	TGTGCCAGCAGCTGGTTTACCACAGATACGCAGTATTTT	98899	584	576	26	HD	IR-Binder
1	1.0111325695911993e-05	TRBV06-01	CASSLTGLQPQHF	TRBJ01-05	TGTGCCAGCAGCCTGACAGGACTTCAGCCCCAGCATTTT	98899	584	576	26	HD	IR-Binder
1	1.0111325695911993e-05	TRBV05-06	CASSRDNTDTQYF	TRBJ02-03	TGTGCCAGCAGCCGGGACAACACAGATACGCAGTATTTT	98899	584	576	26	HD	IR-Binder
1	1.0111325695911993e-05	TRBV14	CASSQGRRYEQYF	TRBJ02-07	TGTGCCAGCAGCCAAGGTAGGAGGTACGAGCAGTACTTC	98899	584	576	26	HD	IR-Binder
1	1.0111325695911993e-05	TRBV07-09	CASSIGLAGSQFF	TRBJ02-01	TGTGCCAGCAGCATTGGACTAGCGGGGAGTCAGTTCTTC	98899	584	576	26	HD	IR-Binder
1	1.0111325695911993e-05	TRBV27	CASRSTVTDTQYF	TRBJ02-03	TGTGCCAGCAGATCTACAGTGACAGATACGCAGTATTTT	98899	584	576	26	HD	IR-Binder
1	1.0111325695911993e-05	TRBV06-01	CASRLQGPDTQYF	TRBJ02-03	TGTGCCAGCAGACTACAGGGCCCAGATACGCAGTATTTT	98899	584	576	26	HD	IR-Binder
1	1.0111325695911993e-05	TRBV05-01	CASSPRAGETQYF	TRBJ02-05	TGCGCCAGCAGCCCTAGGGCGGGAGAGACCCAGTACTTC	98899	584	576	26	HD	IR-Binder
1	1.0111325695911993e-05	TRBV20-01	CSAPQGAYNEQFF	TRBJ02-01	TGCAGTGCTCCACAGGGGGCCTACAATGAGCAGTTCTTC	98899	584	576	26	HD	IR-Binder
1	1.0111325695911993e-05	TRBV29-01	CSVFQDGANVLTF	TRBJ02-06	TGCAGCGTTTTCCAGGATGGGGCCAACGTCCTGACTTTC	98899	584	576	26	HD	IR-Binder
1	1.0111325695911993e-05	TRBV29-01	CSVAGFPGNTIYF	TRBJ01-03	TGCAGCGTTGCGGGCTTTCCTGGAAACACCATATATTTT	98899	584	576	26	HD	IR-Binder
1	1.0111325695911993e-05	TRBV29-01	CSVGGRDYNEQFF	TRBJ02-01	TGCAGCGTGGGAGGCAGAGACTACAATGAGCAGTTCTTC	98899	584	576	26	HD	IR-Binder
1	1.0111325695911993e-05	TRBV19	CASKGPTDTQYF	TRBJ02-03	TGTGCCAGTAAAGGTCCCACAGATACGCAGTATTTT	98899	584	576	26	HD	IR-Binder
1	1.0111325695911993e-05	TRBV18	CASSGQGDGYTF	TRBJ01-02	TGTGCCAGCTCAGGTCAGGGTGACGGCTACACCTTC	98899	584	576	26	HD	IR-Binder
1	1.0111325695911993e-05	TRBV06-06	CASGGGSETQYF	TRBJ02-05	TGTGCCAGCGGGGGGGGCTCAGAGACCCAGTACTTC	98899	584	576	26	HD	IR-Binder
1	1.0111325695911993e-05	TRBV06-01	CASSGTGVGYTF	TRBJ01-02	TGTGCCAGCAGTGGAACAGGGGTCGGCTACACCTTC	98899	584	576	26	HD	IR-Binder
1	1.0111325695911993e-05	TRBV06-01	CASSEAAYGYTF	TRBJ01-02	TGTGCCAGCAGTGAAGCGGCGTATGGCTACACCTTC	98899	584	576	26	HD	IR-Binder
1	1.0111325695911993e-05	TRBV06-01	CASSRQHYGYTF	TRBJ01-02	TGTGCCAGCAGTAGACAGCACTATGGCTACACCTTC	98899	584	576	26	HD	IR-Binder
1	1.0111325695911993e-05	TRBV05-05	CASSLGIYGYTF	TRBJ01-02	TGTGCCAGCAGCTTGGGGATCTATGGCTACACCTTC	98899	584	576	26	HD	IR-Binder
1	1.0111325695911993e-05	TRBV20-01	CIAGWLAGSQYF	TRBJ02-03	TGCATTGCCGGGTGGCTAGCGGGATCGCAGTATTTT	98899	584	576	26	HD	IR-Binder
1	1.0111325695911993e-05	TRBV20-01	CSAATGGYEQYF	TRBJ02-07	TGCAGTGCTGCGACAGGGGGTTACGAGCAGTACTTC	98899	584	576	26	HD	IR-Binder
1	1.0111325695911993e-05	TRBV06-02	CASSLTHTQYF	TRBJ02-03	TGTGCCAGCTCTCTTACTCATACGCAGTATTTT	98899	584	576	26	HD	IR-Binder
1	1.0111325695911993e-05	TRBV02	CASMGRETQYF	TRBJ02-05	TGTGCCAGCATGGGGAGGGAGACCCAGTACTTC	98899	584	576	26	HD	IR-Binder
1	1.0111325695911993e-05	TRBV06-06	CASSYNYGYTF	TRBJ01-02	TGTGCCAGCAGTTACAACTATGGCTACACCTTC	98899	584	576	26	HD	IR-Binder
1	1.0111325695911993e-05	TRBV07-02	CASSSLYGYTF	TRBJ01-02	TGTGCCAGCAGCTCCCTCTATGGCTACACCTTC	98899	584	576	26	HD	IR-Binder
1	1.0111325695911993e-05	TRBV05-04	CASSLNTEAFF	TRBJ01-01	TGTGCCAGCAGCCTGAACACTGAAGCTTTCTTT	98899	584	576	26	HD	IR-Binder
