Epitope	Uniqueness	No. Species	Protein	No. training TCRs	Balanced accuracy	AUC ROC	AUC PR
FADDLNQLTGY	SC2-unique	1	ORF1ab	70	0.61 ± 0.04	0.7 ± 0.05	0.44 ± 0.11
HTTDPSFLGRY	SC2-unique	1	ORF1ab	5000	0.7 ± 0.01	0.9 ± 0.01	0.7 ± 0.02
ITEEVGHTDLMAAY	SC2-unique	1	ORF1ab	156	0.57 ± 0.02	0.78 ± 0.02	0.49 ± 0.04
KPLEFGATSAAL	SC2-unique	1	ORF1ab	344	0.59 ± 0.02	0.8 ± 0.04	0.49 ± 0.07
SEISMDNSPNL	SC2-unique	1	ORF1ab	95	0.52 ± 0.01	0.79 ± 0.05	0.45 ± 0.13
SEVGPEHSLAEY	SC2-unique	1	ORF1ab	250	0.54 ± 0.01	0.79 ± 0.01	0.42 ± 0.05
TLIGDCATV	CoV-common	9	ORF1ab	467	0.55 ± 0.02	0.73 ± 0.03	0.36 ± 0.04
TLVPQEHYV	CoV-common	11	ORF1ab	154	0.53 ± 0.03	0.72 ± 0.02	0.42 ± 0.07
YLNTLTLAV	CoV-common	12	ORF1ab	390	0.58 ± 0.02	0.8 ± 0.01	0.46 ± 0.04
FPPTSFGPL	CoV-common	13	ORF1ab	621	0.69 ± 0.01	0.85 ± 0.01	0.61 ± 0.01
ILGLPTQTV	CoV-common	13	ORF1ab	198	0.68 ± 0.02	0.83 ± 0.05	0.6 ± 0.08
KLSYGIATV	CoV-common	13	ORF1ab	2149	0.58 ± 0.0	0.84 ± 0.01	0.51 ± 0.01
RQLLFVVEV	CoV-common	13	ORF1ab	841	0.57 ± 0.01	0.83 ± 0.01	0.46 ± 0.02
SSNVANYQK	CoV-common	13	ORF1ab	74	0.61 ± 0.04	0.77 ± 0.04	0.45 ± 0.08
VLWAHGFEL	CoV-common	13	ORF1ab	695	0.65 ± 0.02	0.85 ± 0.02	0.6 ± 0.04
YLDAYNMMI	CoV-common	13	ORF1ab	197	0.62 ± 0.03	0.74 ± 0.03	0.42 ± 0.05
KLWAQCVQL	CoV-common	14	ORF1ab	266	0.55 ± 0.01	0.8 ± 0.02	0.46 ± 0.05
MPASWVMRI	CoV-common	15	ORF1ab	477	0.62 ± 0.02	0.82 ± 0.01	0.53 ± 0.01
FLNRFTTTL	CoV-common	16	ORF1ab	104	0.54 ± 0.03	0.72 ± 0.07	0.38 ± 0.12
FLPRVFSAV	CoV-common	16	ORF1ab	773	0.59 ± 0.02	0.84 ± 0.01	0.51 ± 0.03
ILHCANFNV	CoV-common	16	ORF1ab	185	0.61 ± 0.02	0.84 ± 0.03	0.52 ± 0.05
FLNGSCGSV	CoV-common	17	ORF1ab	2332	0.61 ± 0.0	0.86 ± 0.01	0.56 ± 0.02
FVDGVPFVV	CoV-common	27	ORF1ab	2420	0.54 ± 0.0	0.77 ± 0.01	0.37 ± 0.01
IVDTVSALV	CoV-common	27	ORF1ab	36	0.51 ± 0.03	0.76 ± 0.12	0.36 ± 0.18
EILDITPCSF	SC2-unique	1	S (ORF2)	68	0.63 ± 0.03	0.73 ± 0.06	0.46 ± 0.09
FTISVTTEIL	SC2-unique	1	S (ORF2)	159	0.55 ± 0.03	0.73 ± 0.03	0.37 ± 0.04
LEPLVDLPI	SC2-unique	1	S (ORF2)	367	0.54 ± 0.01	0.76 ± 0.02	0.35 ± 0.05
LPPAYTNSF	SC2-unique	1	S (ORF2)	127	0.53 ± 0.02	0.82 ± 0.03	0.45 ± 0.06
NLDSKVGGNY	SC2-unique	1	S (ORF2)	45	0.73 ± 0.06	0.96 ± 0.03	0.85 ± 0.05
TLDSKTQSL	SC2-unique	1	S (ORF2)	107	0.83 ± 0.06	0.97 ± 0.02	0.88 ± 0.06
TPINLVRDL	SC2-unique	1	S (ORF2)	249	0.64 ± 0.02	0.81 ± 0.03	0.53 ± 0.04
YFPLQSYGF	SC2-unique	1	S (ORF2)	357	0.53 ± 0.01	0.79 ± 0.03	0.4 ± 0.04
YLQPRTFLL	SC2-unique	1	S (ORF2)	315	0.91 ± 0.01	0.97 ± 0.01	0.92 ± 0.01
NQKLIANQF	CoV-common	2	S (ORF2)	51	0.76 ± 0.02	0.95 ± 0.02	0.78 ± 0.07
KLPDDFTGCV	CoV-common	6	S (ORF2)	1160	0.59 ± 0.01	0.84 ± 0.01	0.54 ± 0.02
KTSVDCTMYI	CoV-common	7	S (ORF2)	70	0.7 ± 0.05	0.89 ± 0.05	0.72 ± 0.08
LLFNKVTLA	CoV-common	8	S (ORF2)	39	0.51 ± 0.03	0.76 ± 0.04	0.37 ± 0.1
NLNESLIDL	CoV-common	11	S (ORF2)	132	0.59 ± 0.03	0.74 ± 0.02	0.42 ± 0.05
KEIDRLNEV	CoV-common	12	S (ORF2)	57	0.58 ± 0.02	0.7 ± 0.08	0.43 ± 0.1
SEPVLKGVKL	CoV-common	12	S (ORF2)	80	0.57 ± 0.02	0.79 ± 0.05	0.38 ± 0.1
ALSKGVHFV	SC2-unique	1	ORF3a	129	0.53 ± 0.01	0.79 ± 0.03	0.4 ± 0.09
IPIQASLPF	SC2-unique	1	ORF3a	104	0.51 ± 0.02	0.74 ± 0.09	0.35 ± 0.11
WICLLQFAY	SC2-unique	1	M (ORF5)	515	0.64 ± 0.02	0.81 ± 0.02	0.56 ± 0.06
HLVDFQVTI	CoV-common	8	ORF6	69	0.61 ± 0.04	0.75 ± 0.06	0.44 ± 0.09
QECVRGTTVL	CoV-common	7	ORF7a	147	0.71 ± 0.02	0.85 ± 0.02	0.66 ± 0.04
IQYIDIGNY	SC2-unique	1	ORF8	149	0.56 ± 0.03	0.82 ± 0.04	0.47 ± 0.06
KAYNVTQAF	CoV-common	2	N (ORF9)	708	0.61 ± 0.02	0.83 ± 0.01	0.57 ± 0.03
