TRBV_gene	CDR3_beta	TRBJ_gene	epitope	pathology	score	bpr	patient_id	total_count	unique_TCRs	unique_CDR3s	patient	type	study	N_nt_seq	count	freq	species
TRBV12-03	CASSQGTGELFF	TRBJ02-02	NLVPMVATV	CMV	0.9	0.0	HD01	72222	12023	11929	1	HD	IR-Binder	1	6	8.307717869901138e-05	0
TRBV06-01	CASSEVYEQYF	TRBJ02-07	ALSKGVHFV	SARS-CoV-2	0.92	0.0	HD01	72222	12023	11929	1	HD	IR-Binder	1	8	0.00011076957159868183	1
TRBV27	CASSLAGDTYNEQFF	TRBJ02-01	ALSKGVHFV	SARS-CoV-2	0.91	0.0	HD01	72222	12023	11929	1	HD	IR-Binder	1	7	9.692337514884659e-05	1
TRBV12-03	CASSLGGNEQFF	TRBJ02-01	ILHCANFNV	SARS-CoV-2	0.95	0.0	HD01	72222	12023	11929	1	HD	IR-Binder	2	8	0.00011076957159868183	16
TRBV05-06	CASSLGDEQFF	TRBJ02-01	YLNTLTLAV	SARS-CoV-2	0.95	0.0	HD01	72222	12023	11929	1	HD	IR-Binder	1	3	4.153858934950569e-05	12
TRBV06-01	CASSGQGAYEQYF	TRBJ02-07	LLWNGPMAV	YellowFeverVirus	0.99	0.0	HD01	72222	12023	11929	1	HD	IR-Binder	1	1	1.3846196449835233e-05	0
TRBV27	CASSYGQGYEQYF	TRBJ02-07	FLNGSCGSV	SARS-CoV-2	0.98	1e-05	HD01	72222	12023	11929	1	HD	IR-Binder	1	7	9.692337514884659e-05	17
TRBV27	CASSLGVNTEAFF	TRBJ01-01	HLVDFQVTI	SARS-CoV-2	0.92	1e-05	HD01	72222	12023	11929	1	HD	IR-Binder	1	2	2.7692392899670465e-05	8
TRBV10-01	CASSEGTSYEQYF	TRBJ02-07	QECVRGTTVL	SARS-CoV-2	0.92	1e-05	HD01	72222	12023	11929	1	HD	IR-Binder	1	1	1.3846196449835233e-05	7
TRBV12-03	CASSFGDNTEAFF	TRBJ01-01	TPQDLNTML	HIV	0.91	0.0	HD02	54104	8329	8266	2	HD	IR-Binder	1	2	3.696584356055005e-05	0
TRBV12-03	CASSFGSGTEAFF	TRBJ01-01	TPQDLNTML	HIV	0.93	0.0	HD02	54104	8329	8266	2	HD	IR-Binder	1	4	7.39316871211001e-05	0
TRBV12-03	CASSFGQGYEQYF	TRBJ02-07	FLNGSCGSV	SARS-CoV-2	1.0	0.0	HD02	54104	8329	8266	2	HD	IR-Binder	1	3	5.5448765340825086e-05	17
TRBV07-09	CASSLGGYEQYF	TRBJ02-07	ILHCANFNV	SARS-CoV-2	0.97	0.0	HD02	54104	8329	8266	2	HD	IR-Binder	1	1	1.8482921780275024e-05	16
TRBV12-03	CASSLGTYEQYF	TRBJ02-07	ILHCANFNV	SARS-CoV-2	0.99	0.0	HD02	54104	8329	8266	2	HD	IR-Binder	1	15	0.0002772438267041254	16
TRBV12-03	CASSLGTYEQYF	TRBJ02-07	GTSGSPIVNR	DENV1	0.99	1e-05	HD02	54104	8329	8266	2	HD	IR-Binder	1	15	0.0002772438267041254	0
TRBV07-09	CASSLGGYEQYF	TRBJ02-07	LPRRSGAAGA	Influenza	0.95	1e-05	HD02	54104	8329	8266	2	HD	IR-Binder	1	1	1.8482921780275024e-05	0
TRBV11-01	CASSLGQNTEAFF	TRBJ01-01	HLVDFQVTI	SARS-CoV-2	0.93	1e-05	HD02	54104	8329	8266	2	HD	IR-Binder	1	6	0.00011089753068165017	8
TRBV05-05	CASSLGGEQYF	TRBJ02-07	VLWAHGFEL	SARS-CoV-2	0.93	1e-05	HD02	54104	8329	8266	2	HD	IR-Binder	1	6	0.00011089753068165017	13
TRBV12-03	CASSLGGTTEAFF	TRBJ01-01	TPQDLNTML	HIV	0.95	0.0	HD03	69159	8536	8465	3	HD	IR-Binder	1	3	4.337830217325294e-05	0
TRBV11-03	CASSLGLNTEAFF	TRBJ01-01	HLVDFQVTI	SARS-CoV-2	0.95	0.0	HD03	69159	8536	8465	3	HD	IR-Binder	1	18	0.00026026981303951764	8
TRBV12-03	CASSLGAYEQYF	TRBJ02-07	ILHCANFNV	SARS-CoV-2	0.94	0.0	HD03	69159	8536	8465	3	HD	IR-Binder	1	11	0.00015905377463526079	16
TRBV12-03	CASSLGAYEQYF	TRBJ02-07	GTSGSPIVNR	DENV1	0.96	1e-05	HD03	69159	8536	8465	3	HD	IR-Binder	1	11	0.00015905377463526079	0
TRBV27	CASSSNTGELFF	TRBJ02-02	KRWIILGLNK	HIV	0.9	1e-05	HD03	69159	8536	8465	3	HD	IR-Binder	1	17	0.00024581037898176666	0
TRBV06-04	CASSEGLAGSDTQYF	TRBJ02-03	MPASWVMRI	SARS-CoV-2	0.96	1e-05	HD03	69159	8536	8465	3	HD	IR-Binder	1	1	1.445943405775098e-05	15
TRBV06-05	CASSPGTAYEQYF	TRBJ02-07	LLWNGPMAV	YellowFeverVirus	0.92	1e-05	HD03	69159	8536	8465	3	HD	IR-Binder	1	4	5.783773623100392e-05	0
TRBV12-03	CASSQGTGELFF	TRBJ02-02	NLVPMVATV	CMV	0.9	0.0	HD04	76394	10535	10478	4	HD	IR-Binder	1	9	0.00011781029923816006	0
TRBV15	CATSTGDSNQPQHF	TRBJ01-05	EPLPQGQLTAY	EBV	1.0	0.0	HD04	76394	10535	10478	4	HD	IR-Binder	1	49	0.0006414116291855381	0
TRBV12-03	CASSLGGPTEAFF	TRBJ01-01	TPQDLNTML	HIV	0.96	0.0	HD04	76394	10535	10478	4	HD	IR-Binder	1	1	1.3090033248684452e-05	0
TRBV12-03	CASSLGPNTEAFF	TRBJ01-01	TPQDLNTML	HIV	0.92	0.0	HD04	76394	10535	10478	4	HD	IR-Binder	1	1	1.3090033248684452e-05	0
TRBV06-01	CASSEVYEQYF	TRBJ02-07	ALSKGVHFV	SARS-CoV-2	0.92	0.0	HD04	76394	10535	10478	4	HD	IR-Binder	1	7	9.163023274079116e-05	1
TRBV12-03	CASSYSYEQYF	TRBJ02-07	FLNGSCGSV	SARS-CoV-2	1.0	0.0	HD04	76394	10535	10478	4	HD	IR-Binder	1	1	1.3090033248684452e-05	17
TRBV06-02	CASSYSGNTEAFF	TRBJ01-01	FVDGVPFVV	SARS-CoV-2	0.93	0.0	HD04	76394	10535	10478	4	HD	IR-Binder	1	2	2.6180066497368904e-05	27
TRBV05-06	CASSLTDTQYF	TRBJ02-03	YLNTLTLAV	SARS-CoV-2	0.96	0.0	HD04	76394	10535	10478	4	HD	IR-Binder	1	10	0.00013090033248684452	12
TRBV29-01	CSVEGGMGLSYNEQFF	TRBJ02-01	TPINLVRDL	SARS-CoV-2	0.9	1e-05	HD04	76394	10535	10478	4	HD	IR-Binder	1	10	0.00013090033248684452	1
TRBV12-03	CASSLGNEQFF	TRBJ02-01	NLVPMVATV	CMV	0.93	0.0	HD05	69439	8636	8566	5	HD	IR-Binder	1	1	1.4401129048517405e-05	0
TRBV07-09	CASSLIGVSSYNEQFF	TRBJ02-01	TPRVTGGGAM	CMV	0.97	0.0	HD05	69439	8636	8566	5	HD	IR-Binder	1	9	0.00012961016143665663	0
TRBV12-03	CASSLGGNTEAFF	TRBJ01-01	TPQDLNTML	HIV	0.92	0.0	HD05	69439	8636	8566	5	HD	IR-Binder	1	5	7.200564524258702e-05	0
TRBV12-03	CASSPDISYEQYF	TRBJ02-07	EILDITPCSF	SARS-CoV-2	0.91	0.0	HD05	69439	8636	8566	5	HD	IR-Binder	1	4	5.760451619406962e-05	1
TRBV12-03	CASSLIGYEQYF	TRBJ02-07	ILHCANFNV	SARS-CoV-2	0.9	0.0	HD05	69439	8636	8566	5	HD	IR-Binder	1	1	1.4401129048517405e-05	16
TRBV29-01	CSVEGVDGRSYNEQFF	TRBJ02-01	TPINLVRDL	SARS-CoV-2	0.93	0.0	HD05	69439	8636	8566	5	HD	IR-Binder	1	13	0.00018721467763072624	1
TRBV05-06	CASSLTDTQYF	TRBJ02-03	YLNTLTLAV	SARS-CoV-2	0.96	0.0	HD05	69439	8636	8566	5	HD	IR-Binder	1	1	1.4401129048517405e-05	12
TRBV07-09	CASSLAGYEQYF	TRBJ02-07	LPRRSGAAGA	Influenza	0.94	1e-05	HD05	69439	8636	8566	5	HD	IR-Binder	1	2	2.880225809703481e-05	0
TRBV12-03	CASSLSYEQYF	TRBJ02-07	FLNGSCGSV	SARS-CoV-2	0.98	1e-05	HD05	69439	8636	8566	5	HD	IR-Binder	1	6	8.640677429110442e-05	17
TRBV27	CASSSRSSTDTQYF	TRBJ02-03	HTTDPSFLGRY	SARS-CoV-2	1.0	1e-05	HD05	69439	8636	8566	5	HD	IR-Binder	1	12	0.00017281354858220883	1
TRBV12-03	CASSLGGTEAFF	TRBJ01-01	TPQDLNTML	HIV	0.95	0.0	HD06	72727	5878	5815	6	HD	IR-Binder	1	15	0.0002062507734404004	0
TRBV12-03	CASSLGGTEAFF	TRBJ01-01	FLNGSCGSV	SARS-CoV-2	1.0	0.0	HD06	72727	5878	5815	6	HD	IR-Binder	1	15	0.0002062507734404004	17
TRBV12-03	CASSSTYEQYF	TRBJ02-07	FLNGSCGSV	SARS-CoV-2	0.99	0.0	HD06	72727	5878	5815	6	HD	IR-Binder	1	4	5.500020625077344e-05	17
TRBV12-03	CASSFGSYEQFF	TRBJ02-01	ILHCANFNV	SARS-CoV-2	0.93	0.0	HD06	72727	5878	5815	6	HD	IR-Binder	1	9	0.00012375046406424024	16
TRBV12-03	CASSFGSYEQFF	TRBJ02-01	GTSGSPIVNR	DENV1	0.96	1e-05	HD06	72727	5878	5815	6	HD	IR-Binder	1	9	0.00012375046406424024	0
TRBV20-01	CSARDGTGNGYTF	TRBJ01-02	GLCTLVAML	EBV	1.0	1e-05	HD06	72727	5878	5815	6	HD	IR-Binder	1	2	2.750010312538672e-05	0
TRBV12-03	CASSFGNTEAFF	TRBJ01-01	NLVPMVATV	CMV	0.91	0.0	HD07	47170	6270	6229	7	HD	IR-Binder	1	4	8.479966080135679e-05	0
TRBV12-03	CASSLAGGNNEQFF	TRBJ02-01	NLVPMVATV	CMV	0.9	0.0	HD07	47170	6270	6229	7	HD	IR-Binder	1	1	2.11999152003392e-05	0
TRBV06-05	CASSPTTGTGNYGYTF	TRBJ01-02	NLVPMVATV	CMV	0.94	0.0	HD07	47170	6270	6229	7	HD	IR-Binder	1	5	0.00010599957600169599	0
TRBV12-03	CASSQGTGELFF	TRBJ02-02	NLVPMVATV	CMV	0.9	0.0	HD07	47170	6270	6229	7	HD	IR-Binder	1	5	0.00010599957600169599	0
TRBV12-03	CASSRGTGELFF	TRBJ02-02	NLVPMVATV	CMV	0.92	0.0	HD07	47170	6270	6229	7	HD	IR-Binder	1	1	2.11999152003392e-05	0
TRBV12-03	CASSFGNTEAFF	TRBJ01-01	TPQDLNTML	HIV	0.95	0.0	HD07	47170	6270	6229	7	HD	IR-Binder	1	4	8.479966080135679e-05	0
TRBV12-03	CASSFGSYEQYF	TRBJ02-07	FLNGSCGSV	SARS-CoV-2	1.0	0.0	HD07	47170	6270	6229	7	HD	IR-Binder	1	1	2.11999152003392e-05	17
TRBV27	CASSFGYEQYF	TRBJ02-07	FLNGSCGSV	SARS-CoV-2	1.0	0.0	HD07	47170	6270	6229	7	HD	IR-Binder	1	11	0.0002331990672037312	17
TRBV27	CASSLGEAYEQYF	TRBJ02-07	FPPTSFGPL	SARS-CoV-2	0.99	0.0	HD07	47170	6270	6229	7	HD	IR-Binder	1	13	0.0002755988976044096	13
TRBV12-03	CASSFGSYEQYF	TRBJ02-07	ILHCANFNV	SARS-CoV-2	0.93	0.0	HD07	47170	6270	6229	7	HD	IR-Binder	1	1	2.11999152003392e-05	16
TRBV12-03	CASSFGNTEAFF	TRBJ01-01	GTSGSPIVNR	DENV1	0.9	1e-05	HD07	47170	6270	6229	7	HD	IR-Binder	1	4	8.479966080135679e-05	0
TRBV12-03	CASSFGSYEQYF	TRBJ02-07	GTSGSPIVNR	DENV1	0.96	1e-05	HD07	47170	6270	6229	7	HD	IR-Binder	1	1	2.11999152003392e-05	0
TRBV12-03	CASSLSYEQYF	TRBJ02-07	FLNGSCGSV	SARS-CoV-2	0.98	1e-05	HD07	47170	6270	6229	7	HD	IR-Binder	1	3	6.35997456010176e-05	17
TRBV12-03	CASSFGSYEQYF	TRBJ02-07	FLPRVFSAV	SARS-CoV-2	0.9	1e-05	HD07	47170	6270	6229	7	HD	IR-Binder	1	1	2.11999152003392e-05	16
TRBV11-01	CASSLGVNTEAFF	TRBJ01-01	HLVDFQVTI	SARS-CoV-2	0.93	1e-05	HD07	47170	6270	6229	7	HD	IR-Binder	1	1	2.11999152003392e-05	8
TRBV19	CASSIAGGLYNEQFF	TRBJ02-01	KPLEFGATSAAL	SARS-CoV-2	0.95	1e-05	HD07	47170	6270	6229	7	HD	IR-Binder	1	1	2.11999152003392e-05	1
TRBV12-03	CASSLGPEAFF	TRBJ01-01	NLVPMVATV	CMV	0.97	0.0	HD08	47268	11114	11033	8	HD	IR-Binder	1	8	0.00016924769400016924	0
TRBV19	CASSGGDYGYTF	TRBJ01-02	KAFSPEVIPMF	HIV	1.0	0.0	HD08	47268	11114	11033	8	HD	IR-Binder	2	10	0.00021155961750021155	0
TRBV12-03	CASSLGGNTEAFF	TRBJ01-01	TPQDLNTML	HIV	0.92	0.0	HD08	47268	11114	11033	8	HD	IR-Binder	1	3	6.346788525006346e-05	0
TRBV12-03	CASSLGPEAFF	TRBJ01-01	TPQDLNTML	HIV	0.9	0.0	HD08	47268	11114	11033	8	HD	IR-Binder	1	8	0.00016924769400016924	0
TRBV07-06	CASSLGGANTEAFF	TRBJ01-01	KAYNVTQAF	SARS-CoV-2	0.9	0.0	HD08	47268	11114	11033	8	HD	IR-Binder	1	2	4.231192350004231e-05	2
TRBV06-05	CASSGAGAYEQYF	TRBJ02-07	LLWNGPMAV	YellowFeverVirus	0.94	0.0	HD08	47268	11114	11033	8	HD	IR-Binder	1	1	2.1155961750021155e-05	0
TRBV19	CASSGDSYGYTF	TRBJ01-02	KAFSPEVIPMF	HIV	0.98	1e-05	HD08	47268	11114	11033	8	HD	IR-Binder	1	5	0.00010577980875010578	0
TRBV12-03	CASSLGVNTEAFF	TRBJ01-01	HLVDFQVTI	SARS-CoV-2	0.91	1e-05	HD08	47268	11114	11033	8	HD	IR-Binder	1	1	2.1155961750021155e-05	8
TRBV27	CASSLTDSTDTQYF	TRBJ02-03	HTTDPSFLGRY	SARS-CoV-2	1.0	1e-05	HD08	47268	11114	11033	8	HD	IR-Binder	1	6	0.00012693577050012695	1
TRBV05-04	CASSPGLAGTDTQYF	TRBJ02-03	MPASWVMRI	SARS-CoV-2	0.96	1e-05	HD08	47268	11114	11033	8	HD	IR-Binder	1	3	6.346788525006346e-05	15
TRBV29-01	CSVEGGGGEPYNEQFF	TRBJ02-01	TPINLVRDL	SARS-CoV-2	0.9	1e-05	HD08	47268	11114	11033	8	HD	IR-Binder	1	3	6.346788525006346e-05	1
TRBV10-01	CASSDLNTGELFF	TRBJ02-02	YLQPRTFLL	SARS-CoV-2	1.0	1e-05	HD08	47268	11114	11033	8	HD	IR-Binder	1	4	8.462384700008462e-05	1
TRBV06-05	CASSAGTGAYEQYF	TRBJ02-07	LLWNGPMAV	YellowFeverVirus	0.93	1e-05	HD08	47268	11114	11033	8	HD	IR-Binder	1	7	0.0001480917322501481	0
TRBV28	CASSLSTAPNEKLFF	TRBJ01-04	IPSINVHHY	CMV	0.98	0.0	HD09	62239	6475	6425	9	HD	IR-Binder	1	1	1.6067096193704912e-05	0
TRBV12-03	CASSLGTDTQYF	TRBJ02-03	NLVPMVATV	CMV	0.9	0.0	HD09	62239	6475	6425	9	HD	IR-Binder	1	3	4.820128858111474e-05	0
TRBV10-03	CATSTGDSNQPQHF	TRBJ01-05	EPLPQGQLTAY	EBV	1.0	0.0	HD09	62239	6475	6425	9	HD	IR-Binder	2	18	0.00028920773148668837	0
TRBV05-04	CASSASYEQYF	TRBJ02-07	FLNGSCGSV	SARS-CoV-2	0.99	0.0	HD09	62239	6475	6425	9	HD	IR-Binder	1	10	0.0001606709619370491	17
TRBV27	CASSFGYEQYF	TRBJ02-07	FLNGSCGSV	SARS-CoV-2	1.0	0.0	HD09	62239	6475	6425	9	HD	IR-Binder	1	7	0.00011246967335593438	17
TRBV19	CASSLGQNTEAFF	TRBJ01-01	HLVDFQVTI	SARS-CoV-2	0.94	0.0	HD09	62239	6475	6425	9	HD	IR-Binder	1	16	0.0002570735390992786	8
TRBV19	CASSTGDSNQPQHF	TRBJ01-05	EPLPQGQLTAY	EBV	0.99	1e-05	HD09	62239	6475	6425	9	HD	IR-Binder	2	43	0.0006908851363293113	0
TRBV10-03	CASSTGDSNQPQHF	TRBJ01-05	EPLPQGQLTAY	EBV	0.99	1e-05	HD09	62239	6475	6425	9	HD	IR-Binder	1	22	0.00035347611626150805	0
TRBV29-01	CSVEGVDSYEQYF	TRBJ02-07	HTTDPSFLGRY	SARS-CoV-2	1.0	1e-05	HD09	62239	6475	6425	9	HD	IR-Binder	1	11	0.00017673805813075402	1
TRBV27	CASSLGLAGTDTQYF	TRBJ02-03	MPASWVMRI	SARS-CoV-2	0.97	1e-05	HD09	62239	6475	6425	9	HD	IR-Binder	1	3	4.820128858111474e-05	15
TRBV12-03	CASSFGTGTEAFF	TRBJ01-01	TPQDLNTML	HIV	0.9	0.0	HD10	71108	9304	9195	10	HD	IR-Binder	1	2	2.8126230522585363e-05	0
TRBV12-03	CASSLGLDEAFF	TRBJ01-01	TPQDLNTML	HIV	0.95	0.0	HD10	71108	9304	9195	10	HD	IR-Binder	1	1	1.4063115261292682e-05	0
TRBV12-03	CASSLGPNTEAFF	TRBJ01-01	TPQDLNTML	HIV	0.92	0.0	HD10	71108	9304	9195	10	HD	IR-Binder	1	3	4.218934578387805e-05	0
TRBV12-03	CASSLGTGELFF	TRBJ02-02	ILHCANFNV	SARS-CoV-2	0.97	0.0	HD10	71108	9304	9195	10	HD	IR-Binder	1	5	7.031557630646341e-05	16
TRBV04-03	CASSQDPLAAEQYF	TRBJ02-07	KLSYGIATV	SARS-CoV-2	0.9	0.0	HD10	71108	9304	9195	10	HD	IR-Binder	1	3	4.218934578387805e-05	13
TRBV29-01	CSVEGLAGGYSYNEQFF	TRBJ02-01	TPINLVRDL	SARS-CoV-2	0.99	0.0	HD10	71108	9304	9195	10	HD	IR-Binder	1	8	0.00011250492209034142	1
TRBV12-03	CASSLGTGELFF	TRBJ02-02	GTSGSPIVNR	DENV1	0.92	1e-05	HD10	71108	9304	9195	10	HD	IR-Binder	1	5	7.031557630646341e-05	0
TRBV11-02	CASSSGTVNTGELFF	TRBJ02-02	ATDALMTGY	HCV	0.94	0.0	HD11	60529	7814	7746	11	HD	IR-Binder	1	2	3.304201291942705e-05	0
TRBV05-06	CASSTSYEQYF	TRBJ02-07	FLNGSCGSV	SARS-CoV-2	1.0	0.0	HD11	60529	7814	7746	11	HD	IR-Binder	1	1	1.6521006459713525e-05	17
TRBV10-02	CASSELETQYF	TRBJ02-05	KLSYGIATV	SARS-CoV-2	0.96	0.0	HD11	60529	7814	7746	11	HD	IR-Binder	1	3	4.9563019379140585e-05	13
TRBV12-03	CASARDTSTDTQYF	TRBJ02-03	NLDSKVGGNY	SARS-CoV-2	0.92	1e-05	HD11	60529	7814	7746	11	HD	IR-Binder	1	4	6.60840258388541e-05	1
TRBV12-03	CASSFDVSTDTQYF	TRBJ02-03	NLDSKVGGNY	SARS-CoV-2	0.92	1e-05	HD11	60529	7814	7746	11	HD	IR-Binder	1	2	3.304201291942705e-05	1
TRBV19	CASSLTYGYTF	TRBJ01-02	KAFSPEVIPMF	HIV	0.99	0.0	HD12	60411	6798	6762	12	HD	IR-Binder	1	4	6.621310688450781e-05	0
TRBV12-03	CASSLGGPSEAFF	TRBJ01-01	TPQDLNTML	HIV	0.92	0.0	HD12	60411	6798	6762	12	HD	IR-Binder	1	2	3.3106553442253903e-05	0
TRBV07-09	CASRPDRGTEAFF	TRBJ01-01	SFHSLHLLF	HTLV1	0.98	0.0	HD12	60411	6798	6762	12	HD	IR-Binder	1	1	1.6553276721126952e-05	0
TRBV12-03	CASSFSYEQYF	TRBJ02-07	FLNGSCGSV	SARS-CoV-2	0.99	0.0	HD12	60411	6798	6762	12	HD	IR-Binder	1	5	8.276638360563474e-05	17
TRBV05-05	CASSLGQNTEAFF	TRBJ01-01	HLVDFQVTI	SARS-CoV-2	0.94	0.0	HD12	60411	6798	6762	12	HD	IR-Binder	1	2	3.3106553442253903e-05	8
TRBV27	CASSLGVSYEQYF	TRBJ02-07	TLIGDCATV	SARS-CoV-2	0.9	0.0	HD12	60411	6798	6762	12	HD	IR-Binder	1	2	3.3106553442253903e-05	9
TRBV05-05	CASSLGLAGTDTQYF	TRBJ02-03	MPASWVMRI	SARS-CoV-2	0.99	1e-05	HD12	60411	6798	6762	12	HD	IR-Binder	1	3	4.965983016338084e-05	15
TRBV04-03	CASSQGLISYEQYF	TRBJ02-07	KRWIILGLNK	HIV	0.93	0.0	HD13	79775	12297	12196	13	HD	IR-Binder	1	1	1.2535255405828896e-05	0
TRBV12-03	CASSFGQGEAFF	TRBJ01-01	TPQDLNTML	HIV	0.93	0.0	HD13	79775	12297	12196	13	HD	IR-Binder	1	4	5.0141021623315585e-05	0
TRBV12-03	CASSLSITEAFF	TRBJ01-01	TPQDLNTML	HIV	0.91	0.0	HD13	79775	12297	12196	13	HD	IR-Binder	1	3	3.7605766217486685e-05	0
TRBV13	CASSLGGYEQYF	TRBJ02-07	ILHCANFNV	SARS-CoV-2	0.98	0.0	HD13	79775	12297	12196	13	HD	IR-Binder	1	1	1.2535255405828896e-05	16
TRBV06-05	CASSYGDSYEQYF	TRBJ02-07	KLSYGIATV	SARS-CoV-2	0.9	0.0	HD13	79775	12297	12196	13	HD	IR-Binder	1	3	3.7605766217486685e-05	13
TRBV04-03	CASSQGQAYEQYF	TRBJ02-07	LLWNGPMAV	YellowFeverVirus	0.94	0.0	HD13	79775	12297	12196	13	HD	IR-Binder	1	4	5.0141021623315585e-05	0
TRBV12-03	CASSFGQGEAFF	TRBJ01-01	GTSGSPIVNR	DENV1	0.91	1e-05	HD13	79775	12297	12196	13	HD	IR-Binder	1	4	5.0141021623315585e-05	0
TRBV05-01	CASSLSSYEQYF	TRBJ02-07	FLPRVFSAV	SARS-CoV-2	0.91	1e-05	HD13	79775	12297	12196	13	HD	IR-Binder	1	1	1.2535255405828896e-05	16
TRBV06-02	CASSLTSGSTDTQYF	TRBJ02-03	FLPRVFSAV	SARS-CoV-2	0.92	1e-05	HD13	79775	12297	12196	13	HD	IR-Binder	1	6	7.521153243497337e-05	16
TRBV27	CASSLGQNTEAFF	TRBJ01-01	HLVDFQVTI	SARS-CoV-2	0.91	1e-05	HD13	79775	12297	12196	13	HD	IR-Binder	1	1	1.2535255405828896e-05	8
TRBV09	CASSVGLAGASNEQFF	TRBJ02-01	NQKLIANQF	SARS-CoV-2	0.92	1e-05	HD13	79775	12297	12196	13	HD	IR-Binder	1	2	2.5070510811657793e-05	2
TRBV12-03	CASGELNTGELFF	TRBJ02-02	YLQPRTFLL	SARS-CoV-2	1.0	1e-05	HD13	79775	12297	12196	13	HD	IR-Binder	1	8	0.00010028204324663117	1
TRBV02	CASSEANTGELFF	TRBJ02-02	YLQPRTFLL	SARS-CoV-2	1.0	1e-05	HD13	79775	12297	12196	13	HD	IR-Binder	1	1	1.2535255405828896e-05	1
TRBV28	CASSSGTGPNEKLFF	TRBJ01-04	IPSINVHHY	CMV	0.99	0.0	HD14	45127	5496	5458	14	HD	IR-Binder	1	1	2.215968267334412e-05	0
TRBV12-03	CASRSGTGGYEQYF	TRBJ02-07	NLVPMVATV	CMV	0.95	0.0	HD14	45127	5496	5458	14	HD	IR-Binder	1	1	2.215968267334412e-05	0
TRBV15	CATSRDLGQGSYEQYF	TRBJ02-07	KLSYGIATV	SARS-CoV-2	0.95	0.0	HD14	45127	5496	5458	14	HD	IR-Binder	1	2	4.431936534668823e-05	13
TRBV27	CASSPRQGGETQYF	TRBJ02-05	HTTDPSFLGRY	SARS-CoV-2	1.0	1e-05	HD14	45127	5496	5458	14	HD	IR-Binder	1	3	6.647904802003235e-05	1
TRBV13	CASSPGGAYEQYF	TRBJ02-07	LLWNGPMAV	YellowFeverVirus	0.96	0.0	HD15	34918	1451	1432	15	HD	IR-Binder	1	38	0.0010882639326421904	0
TRBV12-03	CASSYSTDTQYF	TRBJ02-03	NLVPMVATV	CMV	0.92	0.0	HD16	291801	11628	11481	16	HD	IR-Binder	1	41	0.0001405067151928883	0
TRBV06-02	CASSGTDYGYTF	TRBJ01-02	KAFSPEVIPMF	HIV	0.99	0.0	HD16	291801	11628	11481	16	HD	IR-Binder	1	31	0.0001062367846580375	0
TRBV29-01	CSVGSGGTNEKLFF	TRBJ01-04	GLCTLVAML	EBV	1.0	1e-05	HD16	291801	11628	11481	16	HD	IR-Binder	2	63	0.0002159005623695601	0
TRBV29-01	CSVGTGGTNEKLFF	TRBJ01-04	GLCTLVAML	EBV	1.0	1e-05	HD16	291801	11628	11481	16	HD	IR-Binder	2	11	3.7696923588335896e-05	0
TRBV07-09	CASSPDRATEAFF	TRBJ01-01	SFHSLHLLF	HTLV1	0.94	1e-05	HD16	291801	11628	11481	16	HD	IR-Binder	1	3	1.028097916045524e-05	0
TRBV19	CASTRDSSTDTQYF	TRBJ02-03	NLDSKVGGNY	SARS-CoV-2	0.91	1e-05	HD16	291801	11628	11481	16	HD	IR-Binder	1	65	0.00022275454847653023	1
TRBV27	CASSLGVNTEAFF	TRBJ01-01	HLVDFQVTI	SARS-CoV-2	0.92	1e-05	HD17	21795	4322	4314	17	HD	IR-Binder	1	1	4.588208304657031e-05	8
TRBV13	CASSRGLAGSDTQYF	TRBJ02-03	MPASWVMRI	SARS-CoV-2	0.96	1e-05	HD17	21795	4322	4314	17	HD	IR-Binder	1	1	4.588208304657031e-05	15
TRBV12-03	CASSFGNTEAFF	TRBJ01-01	NLVPMVATV	CMV	0.91	0.0	HD18	53504	9636	9578	18	HD	IR-Binder	1	1	1.8690191387559808e-05	0
TRBV12-03	CASSPGTYGYTF	TRBJ01-02	NLVPMVATV	CMV	0.95	0.0	HD18	53504	9636	9578	18	HD	IR-Binder	1	1	1.8690191387559808e-05	0
TRBV12-04	CATSTGDSNQPQHF	TRBJ01-05	EPLPQGQLTAY	EBV	1.0	0.0	HD18	53504	9636	9578	18	HD	IR-Binder	1	3	5.607057416267944e-05	0
TRBV10-03	CATSTGDSNQPQHF	TRBJ01-05	EPLPQGQLTAY	EBV	1.0	0.0	HD18	53504	9636	9578	18	HD	IR-Binder	1	2	3.7380382775119616e-05	0
TRBV12-03	CASSFGNTEAFF	TRBJ01-01	TPQDLNTML	HIV	0.95	0.0	HD18	53504	9636	9578	18	HD	IR-Binder	1	1	1.8690191387559808e-05	0
TRBV12-03	CASSLGGTEAFF	TRBJ01-01	TPQDLNTML	HIV	0.95	0.0	HD18	53504	9636	9578	18	HD	IR-Binder	2	4	7.476076555023925e-05	0
TRBV12-03	CASSPDSSYEQYF	TRBJ02-07	EILDITPCSF	SARS-CoV-2	0.98	0.0	HD18	53504	9636	9578	18	HD	IR-Binder	1	1	1.8690191387559808e-05	1
TRBV12-03	CASSLGGTEAFF	TRBJ01-01	FLNGSCGSV	SARS-CoV-2	1.0	0.0	HD18	53504	9636	9578	18	HD	IR-Binder	2	4	7.476076555023925e-05	17
TRBV19	CASSLGLNTEAFF	TRBJ01-01	HLVDFQVTI	SARS-CoV-2	0.95	0.0	HD18	53504	9636	9578	18	HD	IR-Binder	1	7	0.00013083133971291867	8
TRBV12-03	CASSFGNTEAFF	TRBJ01-01	GTSGSPIVNR	DENV1	0.9	1e-05	HD18	53504	9636	9578	18	HD	IR-Binder	1	1	1.8690191387559808e-05	0
TRBV10-02	CASSTGDSNQPQHF	TRBJ01-05	EPLPQGQLTAY	EBV	0.99	1e-05	HD18	53504	9636	9578	18	HD	IR-Binder	1	2	3.7380382775119616e-05	0
TRBV29-01	CSVGTGGTNEKLFF	TRBJ01-04	GLCTLVAML	EBV	1.0	1e-05	HD18	53504	9636	9578	18	HD	IR-Binder	1	1	1.8690191387559808e-05	0
TRBV29-01	CSVEVLNTGELFF	TRBJ02-02	FLPRVFSAV	SARS-CoV-2	0.94	1e-05	HD18	53504	9636	9578	18	HD	IR-Binder	1	1	1.8690191387559808e-05	16
TRBV04-03	CASSQGVNTEAFF	TRBJ01-01	HLVDFQVTI	SARS-CoV-2	0.92	1e-05	HD18	53504	9636	9578	18	HD	IR-Binder	1	1	1.8690191387559808e-05	8
TRBV07-09	CASSLGQGGIYEQYF	TRBJ02-07	KTSVDCTMYI	SARS-CoV-2	0.9	1e-05	HD18	53504	9636	9578	18	HD	IR-Binder	1	1	1.8690191387559808e-05	7
TRBV12-03	CASSAGTTSYEQYF	TRBJ02-07	LLWNGPMAV	YellowFeverVirus	0.93	1e-05	HD18	53504	9636	9578	18	HD	IR-Binder	1	1	1.8690191387559808e-05	0
TRBV27	CASSSRTGELFF	TRBJ02-02	KRWIILGLNK	HIV	0.99	0.0	HD19	50322	10028	9990	19	HD	IR-Binder	1	1	1.9872024164381385e-05	0
TRBV12-03	CASSLGPNTEAFF	TRBJ01-01	TPQDLNTML	HIV	0.92	0.0	HD19	50322	10028	9990	19	HD	IR-Binder	1	1	1.9872024164381385e-05	0
TRBV19	CASSLGLNTEAFF	TRBJ01-01	HLVDFQVTI	SARS-CoV-2	0.95	0.0	HD19	50322	10028	9990	19	HD	IR-Binder	1	2	3.974404832876277e-05	8
TRBV27	CASSLGGYEQYF	TRBJ02-07	ILHCANFNV	SARS-CoV-2	0.92	0.0	HD19	50322	10028	9990	19	HD	IR-Binder	1	3	5.961607249314415e-05	16
TRBV29-01	CSVGTGGTNEKLFF	TRBJ01-04	GLCTLVAML	EBV	1.0	1e-05	HD19	50322	10028	9990	19	HD	IR-Binder	1	7	0.00013910416915066968	0
TRBV13	CASSLVGGEQFF	TRBJ02-01	FLPRVFSAV	SARS-CoV-2	0.93	1e-05	HD19	50322	10028	9990	19	HD	IR-Binder	1	7	0.00013910416915066968	16
TRBV15	CATSRESPGTGVDEQFF	TRBJ02-01	ILGLPTQTV	SARS-CoV-2	0.97	1e-05	HD19	50322	10028	9990	19	HD	IR-Binder	1	1	1.9872024164381385e-05	13
TRBV19	CASSAPGLANEQFF	TRBJ02-01	KPLEFGATSAAL	SARS-CoV-2	0.94	1e-05	HD19	50322	10028	9990	19	HD	IR-Binder	1	2	3.974404832876277e-05	1
TRBV05-04	CASSPGLAGSDTQYF	TRBJ02-03	MPASWVMRI	SARS-CoV-2	0.99	1e-05	HD19	50322	10028	9990	19	HD	IR-Binder	1	3	5.961607249314415e-05	15
TRBV29-01	CSVEGGGGALYNEQFF	TRBJ02-01	TPINLVRDL	SARS-CoV-2	0.9	1e-05	HD19	50322	10028	9990	19	HD	IR-Binder	1	7	0.00013910416915066968	1
TRBV12-03	CASSPGQAYEQYF	TRBJ02-07	LLWNGPMAV	YellowFeverVirus	0.92	1e-05	HD19	50322	10028	9990	19	HD	IR-Binder	1	2	3.974404832876277e-05	0
TRBV12-03	CASSIVNEQFF	TRBJ02-01	NLVPMVATV	CMV	0.94	0.0	HD20	57398	6960	6929	20	HD	IR-Binder	1	5	8.711104916547615e-05	0
TRBV07-06	CASSLAPGATNEKLFF	TRBJ01-04	NLVPMVATV	CMV	0.99	0.0	HD20	57398	6960	6929	20	HD	IR-Binder	1	1	1.742220983309523e-05	0
TRBV12-03	CASSLGPEAFF	TRBJ01-01	NLVPMVATV	CMV	0.97	0.0	HD20	57398	6960	6929	20	HD	IR-Binder	1	1	1.742220983309523e-05	0
TRBV12-03	CASSRDRGYEQYF	TRBJ02-07	NLVPMVATV	CMV	0.91	0.0	HD20	57398	6960	6929	20	HD	IR-Binder	1	1	1.742220983309523e-05	0
TRBV12-03	CASSSANYGYTF	TRBJ01-02	NLVPMVATV	CMV	1.0	0.0	HD20	57398	6960	6929	20	HD	IR-Binder	3	18	0.0003135997769957141	0
TRBV12-03	CASSLGPEAFF	TRBJ01-01	TPQDLNTML	HIV	0.9	0.0	HD20	57398	6960	6929	20	HD	IR-Binder	1	1	1.742220983309523e-05	0
TRBV12-03	CASSLGPNTEAFF	TRBJ01-01	TPQDLNTML	HIV	0.92	0.0	HD20	57398	6960	6929	20	HD	IR-Binder	1	4	6.968883933238092e-05	0
TRBV29-01	CSVGTGGTNEKLFF	TRBJ01-04	GLCTLVAML	EBV	1.0	1e-05	HD20	57398	6960	6929	20	HD	IR-Binder	3	1199	0.02088922958988118	0
TRBV05-01	CASSFSSYEQYF	TRBJ02-07	FLPRVFSAV	SARS-CoV-2	0.93	1e-05	HD20	57398	6960	6929	20	HD	IR-Binder	1	1	1.742220983309523e-05	16
TRBV13	CASSLGSYEQYF	TRBJ02-07	FLPRVFSAV	SARS-CoV-2	0.91	1e-05	HD20	57398	6960	6929	20	HD	IR-Binder	1	12	0.00020906651799714279	16
TRBV18	CASSVPGLANEQFF	TRBJ02-01	KPLEFGATSAAL	SARS-CoV-2	0.94	1e-05	HD20	57398	6960	6929	20	HD	IR-Binder	1	3	5.226662949928569e-05	1
TRBV05-04	CASSGGLAGTDTQYF	TRBJ02-03	MPASWVMRI	SARS-CoV-2	0.99	1e-05	HD20	57398	6960	6929	20	HD	IR-Binder	1	4	6.968883933238092e-05	15
TRBV12-03	CASSLGGGTEAFF	TRBJ01-01	NLVPMVATV	CMV	0.92	0.0	HD21	89608	10764	10698	21	HD	IR-Binder	1	2	2.231943576466387e-05	0
TRBV27	CASSLGGTEAFF	TRBJ01-01	NLVPMVATV	CMV	0.92	0.0	HD21	89608	10764	10698	21	HD	IR-Binder	1	1	1.1159717882331936e-05	0
TRBV07-09	CASSLTGAGDQPQHF	TRBJ01-05	RAKFKQLL	EBV	0.93	0.0	HD21	89608	10764	10698	21	HD	IR-Binder	1	1	1.1159717882331936e-05	0
TRBV05-06	CASSASYEQYF	TRBJ02-07	FLNGSCGSV	SARS-CoV-2	1.0	0.0	HD21	89608	10764	10698	21	HD	IR-Binder	1	2	2.231943576466387e-05	17
TRBV12-03	CASSFANTEAFF	TRBJ01-01	FLNGSCGSV	SARS-CoV-2	0.99	0.0	HD21	89608	10764	10698	21	HD	IR-Binder	1	2	2.231943576466387e-05	17
TRBV06-02	CASSYSGNTEAFF	TRBJ01-01	FVDGVPFVV	SARS-CoV-2	0.93	0.0	HD21	89608	10764	10698	21	HD	IR-Binder	1	1	1.1159717882331936e-05	27
TRBV19	CASSQGLNTEAFF	TRBJ01-01	HLVDFQVTI	SARS-CoV-2	0.94	0.0	HD21	89608	10764	10698	21	HD	IR-Binder	1	2	2.231943576466387e-05	8
TRBV12-03	CASSIGGYEQYF	TRBJ02-07	ILHCANFNV	SARS-CoV-2	0.94	0.0	HD21	89608	10764	10698	21	HD	IR-Binder	1	2	2.231943576466387e-05	16
TRBV07-06	CASSLGGYEQYF	TRBJ02-07	ILHCANFNV	SARS-CoV-2	0.95	0.0	HD21	89608	10764	10698	21	HD	IR-Binder	1	1	1.1159717882331936e-05	16
TRBV05-06	CASSLTDTQYF	TRBJ02-03	YLNTLTLAV	SARS-CoV-2	0.96	0.0	HD21	89608	10764	10698	21	HD	IR-Binder	1	5	5.579858941165968e-05	12
TRBV19	CASSMTYGYTF	TRBJ01-02	KAFSPEVIPMF	HIV	0.98	1e-05	HD21	89608	10764	10698	21	HD	IR-Binder	1	3	3.3479153646995804e-05	0
TRBV07-06	CASSLGGYEQYF	TRBJ02-07	LPRRSGAAGA	Influenza	0.93	1e-05	HD21	89608	10764	10698	21	HD	IR-Binder	1	1	1.1159717882331936e-05	0
TRBV05-01	CASSLGQNTEAFF	TRBJ01-01	HLVDFQVTI	SARS-CoV-2	0.92	1e-05	HD21	89608	10764	10698	21	HD	IR-Binder	1	1	1.1159717882331936e-05	8
TRBV11-01	CASSLGLAGGDEQFF	TRBJ02-01	MPASWVMRI	SARS-CoV-2	0.99	1e-05	HD21	89608	10764	10698	21	HD	IR-Binder	1	1	1.1159717882331936e-05	15
TRBV28	CASSLDSHTDTQYF	TRBJ02-03	NLDSKVGGNY	SARS-CoV-2	0.93	1e-05	HD21	89608	10764	10698	21	HD	IR-Binder	1	1	1.1159717882331936e-05	1
TRBV27	CASSHSTGELFF	TRBJ02-02	KRWIILGLNK	HIV	0.94	0.0	HD22	79950	9275	9241	22	HD	IR-Binder	1	13	0.00016260162601626016	0
TRBV11-01	CASSFGYEQYF	TRBJ02-07	FLNGSCGSV	SARS-CoV-2	1.0	0.0	HD22	79950	9275	9241	22	HD	IR-Binder	1	15	0.0001876172607879925	17
TRBV11-01	CASSLGGYEQYF	TRBJ02-07	ILHCANFNV	SARS-CoV-2	1.0	0.0	HD22	79950	9275	9241	22	HD	IR-Binder	1	2	2.501563477173233e-05	16
TRBV19	CASGTGDSNQPQHF	TRBJ01-05	EPLPQGQLTAY	EBV	0.99	1e-05	HD22	79950	9275	9241	22	HD	IR-Binder	1	1	1.2507817385866165e-05	0
TRBV18	CASSGTDYGYTF	TRBJ01-02	KAFSPEVIPMF	HIV	0.98	1e-05	HD22	79950	9275	9241	22	HD	IR-Binder	1	1	1.2507817385866165e-05	0
TRBV19	CASSGTNYGYTF	TRBJ01-02	KAFSPEVIPMF	HIV	0.98	1e-05	HD22	79950	9275	9241	22	HD	IR-Binder	1	3	3.75234521575985e-05	0
TRBV13	CASSLGSYEQYF	TRBJ02-07	FLPRVFSAV	SARS-CoV-2	0.91	1e-05	HD22	79950	9275	9241	22	HD	IR-Binder	1	1	1.2507817385866165e-05	16
TRBV27	CASSLSHSTDTQYF	TRBJ02-03	HTTDPSFLGRY	SARS-CoV-2	1.0	1e-05	HD22	79950	9275	9241	22	HD	IR-Binder	1	1	1.2507817385866165e-05	1
TRBV11-01	CASSLGLAGVDTQYF	TRBJ02-03	MPASWVMRI	SARS-CoV-2	0.97	1e-05	HD22	79950	9275	9241	22	HD	IR-Binder	1	30	0.000375234521575985	15
TRBV29-01	CSVGGTSGGESYNEQFF	TRBJ02-01	TPINLVRDL	SARS-CoV-2	0.9	1e-05	HD22	79950	9275	9241	22	HD	IR-Binder	2	16	0.00020012507817385863	1
TRBV05-04	CASSLGGYEQYF	TRBJ02-07	VLWAHGFEL	SARS-CoV-2	0.93	1e-05	HD22	79950	9275	9241	22	HD	IR-Binder	1	1	1.2507817385866165e-05	13
TRBV07-09	CASSLIGISSYNEQFF	TRBJ02-01	TPRVTGGGAM	CMV	0.95	0.0	HD23	46333	865	860	23	HD	IR-Binder	1	50	0.0010791444542766497	0
TRBV07-06	CASSLSSYEQYF	TRBJ02-07	LPRRSGAAGA	Influenza	0.9	1e-05	HD24	44998	787	780	24	HD	IR-Binder	1	98	0.002177874572203209	0
TRBV11-02	CASSLGQNTEAFF	TRBJ01-01	HLVDFQVTI	SARS-CoV-2	0.93	1e-05	HD24	44998	787	780	24	HD	IR-Binder	1	1	2.2223209920440907e-05	8
TRBV12-03	CASSLSSYEQYF	TRBJ02-07	FLPRVFSAV	SARS-CoV-2	0.97	1e-05	HD25	62617	1324	1304	25	HD	IR-Binder	1	109	0.0017407413322260727	16
TRBV05-05	CASRQGLAGSDTQYF	TRBJ02-03	MPASWVMRI	SARS-CoV-2	1.0	1e-05	HD25	62617	1324	1304	25	HD	IR-Binder	1	2	3.194020793075363e-05	15
TRBV05-01	CASRQGLAGSDTQYF	TRBJ02-03	MPASWVMRI	SARS-CoV-2	0.99	1e-05	HD25	62617	1324	1304	25	HD	IR-Binder	1	32	0.0005110433268920581	15
TRBV07-09	CASSLIGISSYNEQFF	TRBJ02-01	TPRVTGGGAM	CMV	0.95	0.0	HD26	98899	584	576	26	HD	IR-Binder	1	1	1.0111325695911993e-05	0
TRBV30	CAWSISDLAKNIQYF	TRBJ02-04	NLVPMVATV	CMV	0.94	0.0	HD27	60329	1214	1197	27	HD	IR-Binder	1	4	6.63031046428749e-05	0
TRBV29-01	CSVGTGGTNEKLFF	TRBJ01-04	GLCTLVAML	EBV	1.0	1e-05	HD27	60329	1214	1197	27	HD	IR-Binder	1	244	0.004044489383215368	0
TRBV07-09	CASSLGSYEQYF	TRBJ02-07	LPRRSGAAGA	Influenza	0.93	1e-05	HD27	60329	1214	1197	27	HD	IR-Binder	1	8	0.0001326062092857498	0
TRBV05-01	CASSLEASGSSYNEQFF	TRBJ02-01	NLVPMVATV	CMV	0.95	0.0	HD28	58345	2361	2319	28	HD	IR-Binder	1	2	3.427885851401148e-05	0
TRBV05-03	CASSLEASGSSYNEQFF	TRBJ02-01	NLVPMVATV	CMV	0.9	0.0	HD28	58345	2361	2319	28	HD	IR-Binder	1	1	1.713942925700574e-05	0
TRBV12-03	CASSLGTDTQYF	TRBJ02-03	NLVPMVATV	CMV	0.9	0.0	HD28	58345	2361	2319	28	HD	IR-Binder	1	15	0.00025709143885508615	0
TRBV06-05	CASSWGLAGSDTQYF	TRBJ02-03	MPASWVMRI	SARS-CoV-2	0.94	1e-05	HD28	58345	2361	2319	28	HD	IR-Binder	1	1	1.713942925700574e-05	15
TRBV11-02	CASSWGGGSNYGYTF	TRBJ01-02	IVTDFSVIK	EBV	0.97	0.0	HD30	148825	8909	8751	30	HD	IR-Binder	1	11	7.391231311943558e-05	0
TRBV12-03	CASSFGYEQYF	TRBJ02-07	FLNGSCGSV	SARS-CoV-2	1.0	0.0	HD30	148825	8909	8751	30	HD	IR-Binder	1	8	5.375440954140769e-05	17
TRBV29-01	CSVEGTGQGTYNEQFF	TRBJ02-01	TPINLVRDL	SARS-CoV-2	0.98	0.0	HD30	148825	8909	8751	30	HD	IR-Binder	1	37	0.00024861414412901057	1
TRBV11-02	CASSLGGGFQETQYF	TRBJ02-05	GTSGSPIINR	DENV3/4	0.93	1e-05	HD30	148825	8909	8751	30	HD	IR-Binder	1	2	1.3438602385351926e-05	0
TRBV05-04	CASSFGGYEQYF	TRBJ02-07	FLNGSCGSV	SARS-CoV-2	0.98	1e-05	HD30	148825	8909	8751	30	HD	IR-Binder	1	2	1.3438602385351926e-05	17
TRBV04-02	CASSQSSYEQYF	TRBJ02-07	FLPRVFSAV	SARS-CoV-2	0.92	1e-05	HD30	148825	8909	8751	30	HD	IR-Binder	1	2	1.3438602385351926e-05	16
TRBV15	CATSRDYDGTGTDTQYF	TRBJ02-03	ILGLPTQTV	SARS-CoV-2	0.92	1e-05	HD30	148825	8909	8751	30	HD	IR-Binder	1	27	0.00018142113220225096	13
TRBV05-04	CASSLGLAGGDEQFF	TRBJ02-01	MPASWVMRI	SARS-CoV-2	0.99	1e-05	HD30	148825	8909	8751	30	HD	IR-Binder	1	23	0.00015454392743154713	15
TRBV04-03	CASSQGLAGGDTQYF	TRBJ02-03	MPASWVMRI	SARS-CoV-2	0.98	1e-05	HD30	148825	8909	8751	30	HD	IR-Binder	1	6	4.031580715605577e-05	15
TRBV07-06	CASSLAPGATNEKLFF	TRBJ01-04	NLVPMVATV	CMV	0.99	0.0	HD31	109468	15044	14856	31	HD	IR-Binder	1	178	0.0016260459677714036	0
TRBV27	CASSLGGTEAFF	TRBJ01-01	NLVPMVATV	CMV	0.92	0.0	HD31	109468	15044	14856	31	HD	IR-Binder	1	12	0.00010962107647897102	0
TRBV12-03	CASSLGNEQFF	TRBJ02-01	NLVPMVATV	CMV	0.93	0.0	HD31	109468	15044	14856	31	HD	IR-Binder	1	17	0.00015529652501187558	0
TRBV12-03	CASSRGTGELFF	TRBJ02-02	NLVPMVATV	CMV	0.92	0.0	HD31	109468	15044	14856	31	HD	IR-Binder	1	5	4.567544853290459e-05	0
TRBV12-03	CASSLGENTEAFF	TRBJ01-01	TPQDLNTML	HIV	0.91	0.0	HD31	109468	15044	14856	31	HD	IR-Binder	1	4	3.654035882632368e-05	0
TRBV12-03	CASSLGGNTEAFF	TRBJ01-01	TPQDLNTML	HIV	0.92	0.0	HD31	109468	15044	14856	31	HD	IR-Binder	1	6	5.481053823948551e-05	0
TRBV12-03	CASSLGPNTEAFF	TRBJ01-01	TPQDLNTML	HIV	0.92	0.0	HD31	109468	15044	14856	31	HD	IR-Binder	1	2	1.827017941316184e-05	0
TRBV05-04	CASSASYEQYF	TRBJ02-07	FLNGSCGSV	SARS-CoV-2	0.99	0.0	HD31	109468	15044	14856	31	HD	IR-Binder	1	2	1.827017941316184e-05	17
TRBV11-01	CASSLGLNTEAFF	TRBJ01-01	HLVDFQVTI	SARS-CoV-2	0.94	0.0	HD31	109468	15044	14856	31	HD	IR-Binder	1	2	1.827017941316184e-05	8
TRBV12-03	CASSLGGNEQFF	TRBJ02-01	ILHCANFNV	SARS-CoV-2	0.95	0.0	HD31	109468	15044	14856	31	HD	IR-Binder	1	7	6.394562794606643e-05	16
TRBV12-03	CASSLGTAEQFF	TRBJ02-01	ILHCANFNV	SARS-CoV-2	0.92	0.0	HD31	109468	15044	14856	31	HD	IR-Binder	2	17	0.00015529652501187558	16
TRBV11-01	CASSLGLGETQYF	TRBJ02-05	YLNTLTLAV	SARS-CoV-2	0.95	0.0	HD31	109468	15044	14856	31	HD	IR-Binder	1	3	2.7405269119742763e-05	12
TRBV12-03	CASSLGTAEQFF	TRBJ02-01	GTSGSPIVNR	DENV1	0.91	1e-05	HD31	109468	15044	14856	31	HD	IR-Binder	2	17	0.00015529652501187558	0
TRBV12-03	CASSFGDYEQYF	TRBJ02-07	FLNGSCGSV	SARS-CoV-2	0.98	1e-05	HD31	109468	15044	14856	31	HD	IR-Binder	1	6	5.481053823948551e-05	17
TRBV05-06	CASSLGQNTEAFF	TRBJ01-01	HLVDFQVTI	SARS-CoV-2	0.91	1e-05	HD31	109468	15044	14856	31	HD	IR-Binder	1	5	4.567544853290459e-05	8
TRBV12-03	CASSLGVNTEAFF	TRBJ01-01	HLVDFQVTI	SARS-CoV-2	0.91	1e-05	HD31	109468	15044	14856	31	HD	IR-Binder	1	3	2.7405269119742763e-05	8
TRBV12-03	CASSLAGYEQYF	TRBJ02-07	NLVPMVATV	CMV	0.93	0.0	HD32	104405	9740	9642	32	HD	IR-Binder	1	15	0.00014367128011110578	0
TRBV12-03	CASSLGGGTEAFF	TRBJ01-01	NLVPMVATV	CMV	0.92	0.0	HD32	104405	9740	9642	32	HD	IR-Binder	1	17	0.00016282745079258655	0
TRBV04-03	CASSQGYEQYF	TRBJ02-07	FLNGSCGSV	SARS-CoV-2	0.99	0.0	HD32	104405	9740	9642	32	HD	IR-Binder	1	4	3.831234136296154e-05	17
TRBV12-03	CASSLAGYEQYF	TRBJ02-07	ILHCANFNV	SARS-CoV-2	0.9	0.0	HD32	104405	9740	9642	32	HD	IR-Binder	1	15	0.00014367128011110578	16
TRBV29-01	CSVEGTGKFGSYNEQFF	TRBJ02-01	TPINLVRDL	SARS-CoV-2	0.92	0.0	HD32	104405	9740	9642	32	HD	IR-Binder	1	16	0.00015324936545184616	1
TRBV27	CASSSNTGELFF	TRBJ02-02	KRWIILGLNK	HIV	0.9	1e-05	HD32	104405	9740	9642	32	HD	IR-Binder	1	16	0.00015324936545184616	0
TRBV12-03	CASSLAGYEQYF	TRBJ02-07	FLNGSCGSV	SARS-CoV-2	0.98	1e-05	HD32	104405	9740	9642	32	HD	IR-Binder	1	15	0.00014367128011110578	17
TRBV27	CASSLTSGSTDTQYF	TRBJ02-03	FLPRVFSAV	SARS-CoV-2	0.95	1e-05	HD32	104405	9740	9642	32	HD	IR-Binder	1	8	7.662468272592308e-05	16
TRBV05-05	CASSFGVNTEAFF	TRBJ01-01	HLVDFQVTI	SARS-CoV-2	0.93	1e-05	HD32	104405	9740	9642	32	HD	IR-Binder	1	2	1.915617068148077e-05	8
TRBV05-04	CASSLGQNTEAFF	TRBJ01-01	HLVDFQVTI	SARS-CoV-2	0.92	1e-05	HD32	104405	9740	9642	32	HD	IR-Binder	1	4	3.831234136296154e-05	8
TRBV27	CASSLTSGSTDTQYF	TRBJ02-03	HTTDPSFLGRY	SARS-CoV-2	1.0	1e-05	HD32	104405	9740	9642	32	HD	IR-Binder	1	8	7.662468272592308e-05	1
TRBV05-06	CASSSGLAGTDTQYF	TRBJ02-03	MPASWVMRI	SARS-CoV-2	0.95	1e-05	HD32	104405	9740	9642	32	HD	IR-Binder	1	9	8.620276806666348e-05	15
TRBV12-03	CASSLNTDTQYF	TRBJ02-03	NLVPMVATV	CMV	0.9	0.0	HD33	59477	7873	7815	33	HD	IR-Binder	1	5	8.406610958858046e-05	0
TRBV07-09	CASSSHDSQGARSPLHF	TRBJ01-06	TPRVTGGGAM	CMV	0.95	0.0	HD33	59477	7873	7815	33	HD	IR-Binder	1	1	1.6813221917716093e-05	0
TRBV12-03	CASSLSGTEAFF	TRBJ01-01	TPQDLNTML	HIV	0.94	0.0	HD33	59477	7873	7815	33	HD	IR-Binder	1	1	1.6813221917716093e-05	0
TRBV12-03	CASSLSSGELFF	TRBJ02-02	ILHCANFNV	SARS-CoV-2	0.91	0.0	HD33	59477	7873	7815	33	HD	IR-Binder	1	3	5.043966575314828e-05	16
TRBV29-01	CSVEGLAGGSYNEQFF	TRBJ02-01	TPINLVRDL	SARS-CoV-2	0.99	0.0	HD33	59477	7873	7815	33	HD	IR-Binder	1	9	0.00015131899725944484	1
TRBV14	CASSLGMNTEAFF	TRBJ01-01	HLVDFQVTI	SARS-CoV-2	0.91	1e-05	HD33	59477	7873	7815	33	HD	IR-Binder	1	1	1.6813221917716093e-05	8
TRBV18	CASSPGLAGTDTQYF	TRBJ02-03	MPASWVMRI	SARS-CoV-2	0.95	1e-05	HD33	59477	7873	7815	33	HD	IR-Binder	1	3	5.043966575314828e-05	15
TRBV06-02	CASSPNTGELFF	TRBJ02-02	NLVPMVATV	CMV	0.94	0.0	HD34	65104	10223	10116	34	HD	IR-Binder	1	7	0.00010752027525190464	0
TRBV12-03	CASSLSDKTEAFF	TRBJ01-01	TPQDLNTML	HIV	0.92	0.0	HD34	65104	10223	10116	34	HD	IR-Binder	1	1	1.5360039321700662e-05	0
TRBV11-01	CASSNSYEQYF	TRBJ02-07	FLNGSCGSV	SARS-CoV-2	0.99	0.0	HD34	65104	10223	10116	34	HD	IR-Binder	1	2	3.0720078643401325e-05	17
TRBV05-05	CASSLGQNTEAFF	TRBJ01-01	HLVDFQVTI	SARS-CoV-2	0.94	0.0	HD34	65104	10223	10116	34	HD	IR-Binder	1	1	1.5360039321700662e-05	8
TRBV14	CASSLGGYEQYF	TRBJ02-07	ILHCANFNV	SARS-CoV-2	0.99	0.0	HD34	65104	10223	10116	34	HD	IR-Binder	1	1	1.5360039321700662e-05	16
TRBV29-01	CSVAGTSGTSYNEQFF	TRBJ02-01	TPINLVRDL	SARS-CoV-2	0.94	0.0	HD34	65104	10223	10116	34	HD	IR-Binder	1	24	0.000368640943720816	1
TRBV29-01	CSVEGTSGSSYNEQFF	TRBJ02-01	TPINLVRDL	SARS-CoV-2	0.99	0.0	HD34	65104	10223	10116	34	HD	IR-Binder	1	1	1.5360039321700662e-05	1
TRBV12-03	CASSLGTNEQFF	TRBJ02-01	GTSGSPIVNR	DENV1	0.91	1e-05	HD34	65104	10223	10116	34	HD	IR-Binder	1	9	0.00013824035389530597	0
TRBV11-02	CASSLGAGQETQYF	TRBJ02-05	GTSGSPIINR	DENV3/4	0.9	1e-05	HD34	65104	10223	10116	34	HD	IR-Binder	1	11	0.00016896043253870733	0
TRBV29-01	CSVEATNTGELFF	TRBJ02-02	FLPRVFSAV	SARS-CoV-2	0.92	1e-05	HD34	65104	10223	10116	34	HD	IR-Binder	1	46	0.0007065618087982305	16
TRBV27	CASSPRDFGDTQYF	TRBJ02-03	HTTDPSFLGRY	SARS-CoV-2	1.0	1e-05	HD34	65104	10223	10116	34	HD	IR-Binder	1	2	3.0720078643401325e-05	1
TRBV05-08	CASSPRGGGETQYF	TRBJ02-05	TPGPGVRYPL	HIV	0.93	0.0	HD35	63963	6996	6914	35	HD	IR-Binder	1	1	1.5634038428466457e-05	0
TRBV29-01	CSVEGGGGLSYNEQFF	TRBJ02-01	TPINLVRDL	SARS-CoV-2	0.98	0.0	HD35	63963	6996	6914	35	HD	IR-Binder	1	49	0.0007660678829948562	1
TRBV05-03	CASSLGGELFF	TRBJ02-02	VLWAHGFEL	SARS-CoV-2	0.96	0.0	HD35	63963	6996	6914	35	HD	IR-Binder	1	1	1.5634038428466457e-05	13
TRBV27	CASSSLNTEAFF	TRBJ01-01	RAKFKQLL	EBV	0.96	0.0	HD36	94838	6664	6558	36	HD	IR-Binder	1	10	0.00010544296589974484	0
TRBV12-03	CASSFGGTEAFF	TRBJ01-01	TPQDLNTML	HIV	0.96	0.0	HD36	94838	6664	6558	36	HD	IR-Binder	1	22	0.00023197452497943858	0
TRBV12-03	CASSFGAGELFF	TRBJ02-02	ILHCANFNV	SARS-CoV-2	0.92	0.0	HD36	94838	6664	6558	36	HD	IR-Binder	1	19	0.00020034163520951518	16
TRBV12-03	CASSFGAGELFF	TRBJ02-02	GTSGSPIVNR	DENV1	0.93	1e-05	HD36	94838	6664	6558	36	HD	IR-Binder	1	19	0.00020034163520951518	0
TRBV12-03	CASSFGAGELFF	TRBJ02-02	GTSGSPIINR	DENV3/4	0.94	1e-05	HD36	94838	6664	6558	36	HD	IR-Binder	1	19	0.00020034163520951518	0
TRBV05-04	CASSTGSYEQYF	TRBJ02-07	VLWAHGFEL	SARS-CoV-2	0.94	1e-05	HD36	94838	6664	6558	36	HD	IR-Binder	1	1	1.0544296589974485e-05	13
TRBV12-03	CASSLGSYEQYF	TRBJ02-07	FLNGSCGSV	SARS-CoV-2	0.99	0.0	HD37	93242	9099	8962	37	HD	IR-Binder	2	13	0.00013942214881705668	17
TRBV04-01	CASSQGYEQYF	TRBJ02-07	FLNGSCGSV	SARS-CoV-2	1.0	0.0	HD37	93242	9099	8962	37	HD	IR-Binder	1	1	1.072478067823513e-05	17
TRBV12-03	CASSLGSYEQYF	TRBJ02-07	ILHCANFNV	SARS-CoV-2	0.92	0.0	HD37	93242	9099	8962	37	HD	IR-Binder	2	13	0.00013942214881705668	16
TRBV15	CATSRDVSTDTQYF	TRBJ02-03	NLDSKVGGNY	SARS-CoV-2	0.95	0.0	HD37	93242	9099	8962	37	HD	IR-Binder	1	40	0.00042899122712940517	1
TRBV12-03	CASSLGSYEQYF	TRBJ02-07	GTSGSPIVNR	DENV1	0.99	1e-05	HD37	93242	9099	8962	37	HD	IR-Binder	2	13	0.00013942214881705668	0
TRBV07-06	CASSLGGGSTDTQYF	TRBJ02-03	FLPRVFSAV	SARS-CoV-2	0.9	1e-05	HD37	93242	9099	8962	37	HD	IR-Binder	1	11	0.00011797258746058644	16
TRBV05-05	CASSLGGEQYF	TRBJ02-07	VLWAHGFEL	SARS-CoV-2	0.93	1e-05	HD37	93242	9099	8962	37	HD	IR-Binder	1	17	0.00018232127152999718	13
TRBV28	CASSPGRINQPQHF	TRBJ01-05	WICLLQFAY	SARS-CoV-2	0.98	1e-05	HD37	93242	9099	8962	37	HD	IR-Binder	1	1	1.072478067823513e-05	1
TRBV27	CASSSLNTEAFF	TRBJ01-01	RAKFKQLL	EBV	0.96	0.0	HD38	99826	6460	6365	38	HD	IR-Binder	1	17	0.00017029631558912507	0
TRBV06-01	CASSGQSYGYTF	TRBJ01-02	KAFSPEVIPMF	HIV	0.99	0.0	HD38	99826	6460	6365	38	HD	IR-Binder	1	33	0.0003305752008494781	0
TRBV12-03	CASSFGSNTEAFF	TRBJ01-01	TPQDLNTML	HIV	0.93	0.0	HD38	99826	6460	6365	38	HD	IR-Binder	1	18	0.0001803137459178972	0
TRBV12-03	CASSLGTGELFF	TRBJ02-02	ILHCANFNV	SARS-CoV-2	0.97	0.0	HD38	99826	6460	6365	38	HD	IR-Binder	2	10	0.00010017430328772064	16
TRBV12-03	CASSLGTGELFF	TRBJ02-02	GTSGSPIVNR	DENV1	0.92	1e-05	HD38	99826	6460	6365	38	HD	IR-Binder	2	10	0.00010017430328772064	0
TRBV05-01	CASSLGVNTEAFF	TRBJ01-01	HLVDFQVTI	SARS-CoV-2	0.93	1e-05	HD38	99826	6460	6365	38	HD	IR-Binder	1	5	5.008715164386032e-05	8
TRBV05-04	CASSLGGYEQYF	TRBJ02-07	VLWAHGFEL	SARS-CoV-2	0.93	1e-05	HD38	99826	6460	6365	38	HD	IR-Binder	1	1	1.0017430328772065e-05	13
TRBV14	CASSWGVNTEAFF	TRBJ01-01	HLVDFQVTI	SARS-CoV-2	0.95	0.0	HD39	48023	8037	7946	39	HD	IR-Binder	1	1	2.0823355475501323e-05	8
TRBV15	CATSRDRGAGNTIYF	TRBJ01-03	KAYNVTQAF	SARS-CoV-2	0.93	0.0	HD39	48023	8037	7946	39	HD	IR-Binder	1	7	0.00014576348832850926	2
TRBV11-02	CASSLGQGLYEQYF	TRBJ02-07	GTSGSPIVNR	DENV1	0.93	1e-05	HD39	48023	8037	7946	39	HD	IR-Binder	1	1	2.0823355475501323e-05	0
TRBV12-03	CASGTGDSNQPQHF	TRBJ01-05	EPLPQGQLTAY	EBV	0.99	1e-05	HD39	48023	8037	7946	39	HD	IR-Binder	1	2	4.1646710951002646e-05	0
TRBV07-02	CASSLASGYEQYF	TRBJ02-07	LPRRSGAAGA	Influenza	0.9	1e-05	HD39	48023	8037	7946	39	HD	IR-Binder	1	1	2.0823355475501323e-05	0
TRBV05-06	CASSFGLAGGDEQFF	TRBJ02-01	MPASWVMRI	SARS-CoV-2	0.96	1e-05	HD39	48023	8037	7946	39	HD	IR-Binder	1	16	0.00033317368760802117	15
TRBV05-06	CASSNGLAGGDEQFF	TRBJ02-01	MPASWVMRI	SARS-CoV-2	0.97	1e-05	HD39	48023	8037	7946	39	HD	IR-Binder	1	8	0.00016658684380401059	15
TRBV05-06	CASSVGLAGTDTQYF	TRBJ02-03	MPASWVMRI	SARS-CoV-2	0.99	1e-05	HD39	48023	8037	7946	39	HD	IR-Binder	1	7	0.00014576348832850926	15
TRBV12-03	CASSTGTGAYEQYF	TRBJ02-07	LLWNGPMAV	YellowFeverVirus	0.93	1e-05	HD39	48023	8037	7946	39	HD	IR-Binder	1	1	2.0823355475501323e-05	0
