TRBV_gene,CDR3_beta,TRBJ_gene,epitope,pathology,score,bpr,patient_id,total_count,unique_TCRs,unique_CDR3s,patient,type,study,N_nt_seq,count,freq
TRBV12-03,CASSLGTYEQYF,TRBJ02-07,NLVPMVATV,CMV,0.87,0.0,HD02,54104,8329,8266,2,HD,IR-Binder,1,15,0.0002772438267041254
TRBV07-09,CASSSSYEQYF,TRBJ02-07,NLVPMVATV,CMV,0.81,0.0,HD02,54104,8329,8266,2,HD,IR-Binder,1,1,1.8482921780275024e-05
TRBV12-03,CASSSTSGYTF,TRBJ01-02,NLVPMVATV,CMV,0.81,0.0,HD02,54104,8329,8266,2,HD,IR-Binder,1,2,3.696584356055005e-05
TRBV18,CASSSGTSGYEQYF,TRBJ02-07,QIKVRVKMV,CMV,0.78,0.0,HD02,54104,8329,8266,2,HD,IR-Binder,1,1,1.8482921780275024e-05
TRBV07-06,CASRGTGVHEQYF,TRBJ02-07,IIKDYGKQM,HIV,0.83,0.0,HD02,54104,8329,8266,2,HD,IR-Binder,1,7,0.00012938045246192517
TRBV12-03,CASSFDVTEAFF,TRBJ01-01,TPQDLNTML,HIV,0.79,0.0,HD02,54104,8329,8266,2,HD,IR-Binder,1,2,3.696584356055005e-05
TRBV12-03,CASSFGDNTEAFF,TRBJ01-01,TPQDLNTML,HIV,0.91,0.0,HD02,54104,8329,8266,2,HD,IR-Binder,1,2,3.696584356055005e-05
TRBV12-03,CASSFGGREQFF,TRBJ02-01,TPQDLNTML,HIV,0.62,0.0,HD02,54104,8329,8266,2,HD,IR-Binder,1,6,0.00011089753068165017
TRBV12-03,CASSFGSGTEAFF,TRBJ01-01,TPQDLNTML,HIV,0.93,0.0,HD02,54104,8329,8266,2,HD,IR-Binder,1,4,7.39316871211001e-05
TRBV12-03,CASSFGTAQIF,TRBJ02-07,TPQDLNTML,HIV,0.65,0.0,HD02,54104,8329,8266,2,HD,IR-Binder,1,7,0.00012938045246192517
TRBV12-03,CASSFGVVEQFF,TRBJ02-01,TPQDLNTML,HIV,0.62,0.0,HD02,54104,8329,8266,2,HD,IR-Binder,1,2,3.696584356055005e-05
TRBV12-03,CASSFLGMAEAFF,TRBJ01-01,TPQDLNTML,HIV,0.77,0.0,HD02,54104,8329,8266,2,HD,IR-Binder,1,2,3.696584356055005e-05
TRBV12-03,CASSFSGELFF,TRBJ02-02,TPQDLNTML,HIV,0.66,0.0,HD02,54104,8329,8266,2,HD,IR-Binder,1,3,5.5448765340825086e-05
TRBV12-03,CASSFSSGNTIYF,TRBJ01-03,TPQDLNTML,HIV,0.63,0.0,HD02,54104,8329,8266,2,HD,IR-Binder,1,6,0.00011089753068165017
TRBV12-03,CASSFTLPEAFF,TRBJ01-01,TPQDLNTML,HIV,0.84,0.0,HD02,54104,8329,8266,2,HD,IR-Binder,1,3,5.5448765340825086e-05
TRBV12-03,CASSLAGMTEAFF,TRBJ01-01,TPQDLNTML,HIV,0.77,0.0,HD02,54104,8329,8266,2,HD,IR-Binder,1,2,3.696584356055005e-05
TRBV12-03,CASSLEGTQYF,TRBJ02-05,TPQDLNTML,HIV,0.63,0.0,HD02,54104,8329,8266,2,HD,IR-Binder,1,3,5.5448765340825086e-05
TRBV12-03,CASSLETGTEAFF,TRBJ01-01,TPQDLNTML,HIV,0.71,0.0,HD02,54104,8329,8266,2,HD,IR-Binder,1,4,7.39316871211001e-05
TRBV12-03,CASSLGPVTEAFF,TRBJ01-01,TPQDLNTML,HIV,0.88,0.0,HD02,54104,8329,8266,2,HD,IR-Binder,1,3,5.5448765340825086e-05
TRBV12-03,CASSLGTEAFF,TRBJ01-01,TPQDLNTML,HIV,0.78,0.0,HD02,54104,8329,8266,2,HD,IR-Binder,1,1,1.8482921780275024e-05
TRBV12-03,CASSLGTGDEAFF,TRBJ01-01,TPQDLNTML,HIV,0.86,0.0,HD02,54104,8329,8266,2,HD,IR-Binder,1,3,5.5448765340825086e-05
TRBV12-03,CASSLSFAEAFF,TRBJ01-01,TPQDLNTML,HIV,0.84,0.0,HD02,54104,8329,8266,2,HD,IR-Binder,1,2,3.696584356055005e-05
TRBV12-03,CASSLSRNTEAFF,TRBJ01-01,TPQDLNTML,HIV,0.81,0.0,HD02,54104,8329,8266,2,HD,IR-Binder,1,1,1.8482921780275024e-05
TRBV12-03,CASSRVNTEAFF,TRBJ01-01,TPQDLNTML,HIV,0.66,0.0,HD02,54104,8329,8266,2,HD,IR-Binder,1,2,3.696584356055005e-05
TRBV12-03,CASSSWGTEAFF,TRBJ01-01,TPQDLNTML,HIV,0.66,0.0,HD02,54104,8329,8266,2,HD,IR-Binder,1,3,5.5448765340825086e-05
TRBV12-03,CASTLGAEAFF,TRBJ01-01,TPQDLNTML,HIV,0.68,0.0,HD02,54104,8329,8266,2,HD,IR-Binder,1,1,1.8482921780275024e-05
TRBV12-03,CASTLNSNTEAFF,TRBJ01-01,TPQDLNTML,HIV,0.65,0.0,HD02,54104,8329,8266,2,HD,IR-Binder,1,3,5.5448765340825086e-05
TRBV12-03,CASSFGQGYEQYF,TRBJ02-07,FLNGSCGSV,SARS-CoV-2,1.0,0.0,HD02,54104,8329,8266,2,HD,IR-Binder,1,3,5.5448765340825086e-05
TRBV07-09,CASSLGGYEQYF,TRBJ02-07,ILHCANFNV,SARS-CoV-2,0.97,0.0,HD02,54104,8329,8266,2,HD,IR-Binder,1,1,1.8482921780275024e-05
TRBV12-03,CASSLGTYEQYF,TRBJ02-07,ILHCANFNV,SARS-CoV-2,0.99,0.0,HD02,54104,8329,8266,2,HD,IR-Binder,1,15,0.0002772438267041254
TRBV12-03,CASSFGGVNEQFF,TRBJ02-01,IVDTVSALV,SARS-CoV-2,0.69,0.0,HD02,54104,8329,8266,2,HD,IR-Binder,1,3,5.5448765340825086e-05
TRBV07-02,CASSLGGDTQYF,TRBJ02-03,KAYNVTQAF,SARS-CoV-2,0.86,0.0,HD02,54104,8329,8266,2,HD,IR-Binder,1,2,3.696584356055005e-05
TRBV18,CASSPGQGGGNTIYF,TRBJ01-03,KEIDRLNEV,SARS-CoV-2,0.88,0.0,HD02,54104,8329,8266,2,HD,IR-Binder,1,3,5.5448765340825086e-05
TRBV07-09,CASSLAGGETQYF,TRBJ02-05,SEISMDNSPNL,SARS-CoV-2,0.81,0.0,HD02,54104,8329,8266,2,HD,IR-Binder,1,3,5.5448765340825086e-05
TRBV12-03,CASSFGGREQFF,TRBJ02-01,TLIGDCATV,SARS-CoV-2,0.7,0.0,HD02,54104,8329,8266,2,HD,IR-Binder,1,6,0.00011089753068165017
TRBV07-02,CASSLGRSYEQYF,TRBJ02-07,TLIGDCATV,SARS-CoV-2,0.68,0.0,HD02,54104,8329,8266,2,HD,IR-Binder,1,5,9.241460890137514e-05
TRBV12-03,CASSLGTYEQYF,TRBJ02-07,TLIGDCATV,SARS-CoV-2,0.72,0.0,HD02,54104,8329,8266,2,HD,IR-Binder,1,15,0.0002772438267041254
TRBV12-03,CASSLEGYEQYF,TRBJ02-07,NLVPMVATV,CMV,0.8,1e-05,HD02,54104,8329,8266,2,HD,IR-Binder,1,8,0.0001478633742422002
TRBV12-03,CASSLGTEAFF,TRBJ01-01,NLVPMVATV,CMV,0.8,1e-05,HD02,54104,8329,8266,2,HD,IR-Binder,1,1,1.8482921780275024e-05
TRBV12-03,CASSLGTYEQYF,TRBJ02-07,GTSGSPIVNR,DENV1,0.99,1e-05,HD02,54104,8329,8266,2,HD,IR-Binder,1,15,0.0002772438267041254
TRBV07-02,CASSLWDGHYNEQFF,TRBJ02-01,FPRPWLHGL,HIV,0.81,1e-05,HD02,54104,8329,8266,2,HD,IR-Binder,1,1,1.8482921780275024e-05
TRBV12-03,CASKLGQGNEQFF,TRBJ02-01,TPQDLNTML,HIV,0.56,1e-05,HD02,54104,8329,8266,2,HD,IR-Binder,1,3,5.5448765340825086e-05
TRBV12-03,CASSFGETQYF,TRBJ02-05,TPQDLNTML,HIV,0.59,1e-05,HD02,54104,8329,8266,2,HD,IR-Binder,1,6,0.00011089753068165017
TRBV12-03,CASSFGGVNEQFF,TRBJ02-01,TPQDLNTML,HIV,0.6,1e-05,HD02,54104,8329,8266,2,HD,IR-Binder,1,3,5.5448765340825086e-05
TRBV12-03,CASSFGTARIF,TRBJ02-07,TPQDLNTML,HIV,0.58,1e-05,HD02,54104,8329,8266,2,HD,IR-Binder,1,1,1.8482921780275024e-05
TRBV12-03,CASSFSGGAYTF,TRBJ01-02,TPQDLNTML,HIV,0.57,1e-05,HD02,54104,8329,8266,2,HD,IR-Binder,1,2,3.696584356055005e-05
TRBV12-03,CASSLDTGNTIYF,TRBJ01-03,TPQDLNTML,HIV,0.59,1e-05,HD02,54104,8329,8266,2,HD,IR-Binder,1,2,3.696584356055005e-05
TRBV12-03,CASSLGGGEKLFF,TRBJ01-04,TPQDLNTML,HIV,0.59,1e-05,HD02,54104,8329,8266,2,HD,IR-Binder,1,4,7.39316871211001e-05
TRBV12-03,CASSLGGGENLFF,TRBJ01-04,TPQDLNTML,HIV,0.6,1e-05,HD02,54104,8329,8266,2,HD,IR-Binder,1,1,1.8482921780275024e-05
TRBV12-03,CASSLGTYEQYF,TRBJ02-07,TPQDLNTML,HIV,0.59,1e-05,HD02,54104,8329,8266,2,HD,IR-Binder,1,15,0.0002772438267041254
TRBV12-03,CASSLRGTEAFF,TRBJ01-01,TPQDLNTML,HIV,0.61,1e-05,HD02,54104,8329,8266,2,HD,IR-Binder,1,2,3.696584356055005e-05
TRBV12-03,CASSRTHTEAFF,TRBJ01-01,TPQDLNTML,HIV,0.6,1e-05,HD02,54104,8329,8266,2,HD,IR-Binder,1,3,5.5448765340825086e-05
TRBV07-09,CASSLGGYEQYF,TRBJ02-07,LPRRSGAAGA,Influenza,0.95,1e-05,HD02,54104,8329,8266,2,HD,IR-Binder,1,1,1.8482921780275024e-05
TRBV21-01,CASTSGVGQPQHF,TRBJ01-05,LLLGIGILV,Multiple Myeloma,0.86,1e-05,HD02,54104,8329,8266,2,HD,IR-Binder,1,1,1.8482921780275024e-05
TRBV06-02,CASSLGNTEAFF,TRBJ01-01,FVDGVPFVV,SARS-CoV-2,0.79,1e-05,HD02,54104,8329,8266,2,HD,IR-Binder,1,3,5.5448765340825086e-05
TRBV19,CASSIGANTEAFF,TRBJ01-01,HLVDFQVTI,SARS-CoV-2,0.84,1e-05,HD02,54104,8329,8266,2,HD,IR-Binder,1,8,0.0001478633742422002
TRBV11-01,CASSLGQNTEAFF,TRBJ01-01,HLVDFQVTI,SARS-CoV-2,0.93,1e-05,HD02,54104,8329,8266,2,HD,IR-Binder,1,6,0.00011089753068165017
TRBV19,CASSMGLNTEAFF,TRBJ01-01,HLVDFQVTI,SARS-CoV-2,0.87,1e-05,HD02,54104,8329,8266,2,HD,IR-Binder,1,3,5.5448765340825086e-05
TRBV12-03,CASSLTQGDTQYF,TRBJ02-03,LLFNKVTLA,SARS-CoV-2,0.77,1e-05,HD02,54104,8329,8266,2,HD,IR-Binder,1,2,3.696584356055005e-05
TRBV05-04,CASSPGTGAYEQYF,TRBJ02-07,NLNESLIDL,SARS-CoV-2,0.85,1e-05,HD02,54104,8329,8266,2,HD,IR-Binder,1,4,7.39316871211001e-05
TRBV12-03,CASSFAGGYEQYF,TRBJ02-07,TLIGDCATV,SARS-CoV-2,0.67,1e-05,HD02,54104,8329,8266,2,HD,IR-Binder,1,4,7.39316871211001e-05
TRBV12-03,CASSLQGSYEQYF,TRBJ02-07,TLIGDCATV,SARS-CoV-2,0.67,1e-05,HD02,54104,8329,8266,2,HD,IR-Binder,1,5,9.241460890137514e-05
TRBV05-05,CASSLGGEQYF,TRBJ02-07,VLWAHGFEL,SARS-CoV-2,0.93,1e-05,HD02,54104,8329,8266,2,HD,IR-Binder,1,6,0.00011089753068165017
